Title,Date,Author,Content,Tokenized_Content,POS_Tagged_Content
H＆M 銷售展望不妙、全年獲利難達標？股價崩 13%,2024 年 06 月 28 日 10:00,MoneyDJ,"瑞典快時尚巨頭 H&M 上季獲利遜於分析師預期，且天氣不佳可能影響 6 月銷售表現，管理層暗示，達成全年營益率 10% 的目標有難度；H&M 股價應聲重挫近 13%。


 CNBC、路透等外媒報導，H&M公布，2024會計年度第一季（3-5月），營業利益為71億瑞典克朗（約6.72億美元），遜於LSEG統計的分析師預估值73.7億瑞典克朗；公司也表示，受多雨天氣影響，6月份按瑞典克朗計算的營收可能年減6%。 H&M執行長Daniel Erver重申在2024財年讓營益率達到10%的目標，但指出，此目標已變得更具挑戰性，若干外部因素（包括原物料成本和匯率波動）對採購成本和銷售收入帶來不利影響，下半年可能更趨明顯。 公司也表示，將在下半年擴大推出折扣，以吸引消費者，因應競爭對手印地紡（Inditex, 為Zara母公司）和中國新興快時尚平台Shein的競爭；官網顯示，H&M已下殺折扣出清夏裝。 Yahoo Finance報價顯示，H&M在瑞典斯德哥爾摩掛牌的股票27日重挫12.97%，收169.40瑞典克朗。 疫情後物價飆升，加上消費支出轉疲，對零售服飾產業、精品業帶來影響，印地紡月初也公布上季營收成長減緩。即將在英國掛牌的中國快時尚電商平台Shein勢力也不斷成長，帶來威脅。 Bernstein分析師William Woods指出，H&M第三季的開局看來不太樂觀，管理層提早開始「找藉口」，也顯示達成10%營益率目標的決心減弱。 （本文由 MoneyDJ新聞 授權轉載；首圖來源：Unsplash）","瑞典 快 時尚 巨頭   H & M   上 季 獲利 遜於 分析師 預期 ， 且 天氣 不佳 可能 影響   6   月 銷售 表現 ， 管理層 暗示 ， 達成 全年 營益率   10%   的 目標 有 難度 ； H & M   股價 應聲 重挫 近   13% 。 
 
 
   CNBC 、 路透 等 外媒 報導 ， H & M 公布 ， 2024 會計年度 第一季 （ 3 - 5 月 ） ， 營業 利益 為 71 億 瑞典克朗 （ 約 6.72 億美元 ） ， 遜於 LSEG 統計 的 分析師 預估 值 73.7 億 瑞典克朗 ； 公司 也 表示 ， 受多雨 天氣 影響 ， 6 月份 按 瑞典克朗 計算 的 營收 可能 年減 6% 。   H & M 執行長 Daniel   Erver 重申 在 2024 財年 讓 營益率 達到 10% 的 目標 ， 但 指出 ， 此 目標 已 變得 更具 挑戰性 ， 若干 外部 因素 （ 包括 原 物料 成本 和 匯率 波動 ） 對 採購 成本 和 銷售收入 帶來不利 影響 ， 下半年 可能 更趨 明顯 。   公司 也 表示 ， 將在 下半年 擴大 推出 折扣 ， 以 吸引 消費者 ， 因應 競爭對手 印地 紡 （ Inditex ,   為 Zara 母公司 ） 和 中國 新興 快 時尚 平台 Shein 的 競爭 ； 官網 顯示 ， H & M 已下 殺 折扣 出 清 夏裝 。   Yahoo   Finance 報價 顯示 ， H & M 在 瑞典 斯德哥爾摩 掛牌 的 股票 27 日 重挫 12.97% ， 收 169.40 瑞典克朗 。   疫情 後 物價 飆升 ， 加上 消費 支出 轉疲 ， 對 零售 服飾 產業 、 精品 業 帶來 影響 ， 印地 紡 月初 也 公布 上季 營收 成長 減緩 。 即將 在 英國 掛牌 的 中國 快 時尚 電商 平台 Shein 勢力 也 不斷 成長 ， 帶來 威脅 。   Bernstein 分析師 William   Woods 指出 ， H & M 第三季 的 開局 看來 不太 樂觀 ， 管理層 提早 開始 「 找 藉口 」 ， 也 顯示 達成 10% 營益率 目標 的 決心 減弱 。   （ 本文 由   MoneyDJ 新聞   授權 轉載 ； 首圖 來源 ： Unsplash ）","瑞典/ns 快/a 時尚/n 巨頭/n  /x H/eng &/x M/eng  /x 上季/t 獲/v 利遜/nr 於/nr 分析/vn 師/ng 預期/vn ，/x 且/c 天氣/n 不/d 佳/a 可能/v 影響/vn  /x 6/x  /x 月/m 銷售/vn 表現/v ，/x 管理/vn 層/x 暗示/v ，/x 達成/v 全年/m 營益率/n  /x 10/m %/x  /x 的/uj 目標/n 有/v 難度/d ；/x H/eng &/x M/eng  /x 股價/n 應聲/v 重挫/v 近/a  /x 13/m %/x 。/x 
/x 
/x 
/x  /x CNBC/eng 、/x 路透/nz 等/u 外媒/n 報導/n ，/x H/eng &/x M/eng 公布/v ，/x 2024/m 會計/v 年度/n 第一季/m （/x 3/x -/x 5/m 月/m ）/x ，/x 營業/n 利益/n 為/p 71/m 億/m 瑞典克朗/ns （/x 約/d 6.72/m 億/m 美元/q ）/x ，/x 遜/vg 於/nr LSEG/eng 統計/vn 的/uj 分析/vn 師/ng 預/v 估值/n 73.7/m 億/m 瑞典克朗/ns ；/x 公司/n 也/d 表示/v ，/x 受/v 多/m 雨天/t 氣/n 影響/vn ，/x 6/x 月份/n 按/p 瑞典克朗/ns 計算/v 的/uj 營收/n 可能/v 年/m 減/v 6/m %/x 。/x  /x H/eng &/x M/eng 執行/v 長/a Daniel/eng  /x Erver/eng 重申/v 在/p 2024/m 財年/n 讓/v 營益率/n 達到/v 10/m %/x 的/uj 目標/n ，/x 但/c 指出/v ，/x 此/r 目標/n 已/d 變得/v 更具/v 挑/v 戰性/n ，/x 若干/m 外部/f 因素/n （/x 包括/v 原/n 物料/n 成本/n 和/c 匯率/n 波動/vn ）/x 對/p 採購/v 成本/n 和/c 銷售/vn 收入/v 帶來/v 不利/a 影響/vn ，/x 下半年/t 可能/v 更趨/d 明顯/a 。/x  /x 公司/n 也/d 表示/v ，/x 將/d 在/p 下半年/t 擴大/v 推出/v 折扣/v ，/x 以/p 吸引/v 消費者/n ，/x 因應/n 競爭/vn 對/p 手印/n 地紡/n （/x Inditex/eng ,/x  /x 為/p Zara/eng 母公司/n ）/x 和/c 中國/ns 新興/ns 快時/d 尚/d 平台/n Shein/eng 的/uj 競爭/vn ；/x 官網/n 顯示/v ，/x H/eng &/x M/eng 已下/d 殺/v 折扣/v 出/v 清夏/t 裝/n 。/x  /x Yahoo/eng  /x Finance/eng 報價/n 顯示/v ，/x H/eng &/x M/eng 在/p 瑞典/ns 斯德哥爾摩/nrt 掛牌/v 的/uj 股票/n 27/m 日/m 重挫/v 12.97/m %/x ，/x 收/n 169.40/m 瑞典克朗/ns 。/x  /x 疫情/n 後/nr 物價/n 飆升/v ，/x 加上/v 消費/vn 支出/v 轉/v 疲/a ，/x 對/x 零售/vn 服飾/n 產業/n 、/x 精品/n 業帶/n 來/v 影響/vn ，/x 印地/ns 紡/zg 月初/t 也/d 公布/v 上季/t 營/n 收成/v 長/a 減緩/v 。/x 即/v 將/d 在/p 英國/ns 掛牌/v 的/uj 中國/ns 快/a 時尚/n 電商/n 平台/n Shein/eng 勢力/n 也/d 不斷/d 成長/v ，/x 帶來/v 威脅/vn 。/x  /x Bernstein/eng 分析/vn 師/nr William/eng  /x Woods/eng 指出/v ，/x H/eng &/x M/eng 第三季/m 的/uj 開局/n 看來/v 不/d 太/d 樂觀/a ，/x 管理/vn 層/x 提早/v 開始/v 「/x 找/v 藉口/nr 」/x ，/x 也/d 顯示/v 達成/v 10/m %/x 營益率/n 目標/n 的/uj 決心/n 減弱/v 。/x  /x （/x 本文/r 由/p  /x MoneyDJ/eng 新聞/n  /x 授權/v 轉載/v ；/x 首圖/n 來源/n ：/x Unsplash/eng ）/x"
AI 持續推動半導體需求，高盛維持台積電 2024 年業績展望不變,2024 年 06 月 28 日 9:47,Emma stein,"受益人工智慧產業需求強勁，台積電過去一年估值大幅飆升，投資人也在意台積電 7 月 18 日法說會是否宣布上調 2024 全年度業績展望。高盛分析認為，台積電全年度展望將維持不變，預計營收年增 20%，半導體產業展望（晶圓代工收入）年增 10%，有中到高段雙位數成長。


 高盛最新研究報告指出，台積電 2024 年業績展望與預測大致相當，全年營收年增 24%，季增 8.2%，毛利率達 53.8%。 展望 2024 年第三季，分析師預計台積電營收將環比增長 10.9%，但毛利率可能因 N3 製程擴產略下降至 52.8%。 分析師也重申台積電「買進」投資評等，且 12 個月目標價調升為每股新台幣 1,160 元。 鑑於 3 / 5 奈米製程、先進封裝（CoWoS）技術領先，高盛還提到台積電 2025 年可能提高定價，目的是應對不斷上漲的成本，以維持長期 53% 毛利率目標。 （首圖來源：台積電）","受益 人工智慧 產業 需求 強勁 ， 台積電 過去 一年 估值 大幅 飆升 ， 投資人 也 在意 台積電   7   月   18   日法 說 會 是否 宣布 上調   2024   全 年度 業績 展望 。 高盛 分析 認為 ， 台積電 全 年度 展望 將 維持 不變 ， 預計 營收 年 增   20% ， 半導體 產業 展望 （ 晶圓 代工 收入 ） 年增   10% ， 有 中到 高段 雙位數 成長 。 
 
 
   高盛 最新 研究 報告 指出 ， 台積電   2024   年 業績 展望 與 預測 大致 相當 ， 全年 營收 年 增   24% ， 季增   8.2% ， 毛利率 達   53.8% 。   展望   2024   年 第三季 ， 分析師 預計 台積電 營收將 環比 增長   10.9% ， 但 毛利率 可能 因   N3   製程 擴產 略 下降 至   52.8% 。   分析師 也 重申 台積電 「 買進 」 投資 評等 ， 且   12   個 月 目標價 調升 為 每股 新台幣   1 , 160   元 。   鑑於   3   /   5   奈米 製程 、 先進 封裝 （ CoWoS ） 技術 領先 ， 高盛 還 提到 台積電   2025   年 可能 提高 定價 ， 目的 是 應對 不斷 上漲 的 成本 ， 以 維持 長期   53%   毛利率 目標 。   （ 首圖 來源 ： 台積電 ）","受益/v 人工智慧/l 產業/n 需求/v 強勁/a ，/x 台積/n 電/n 過去/t 一年/m 估值/n 大幅/d 飆升/v ，/x 投資/vn 人/n 也/d 在意/v 台積/n 電/n  /x 7/x  /x 月/m  /x 18/m  /x 日/j 法/j 說/v 會/v 是否/v 宣布/v 上調/v  /x 2024/m  /x 全/a 年度/n 業績/n 展望/v 。/x 高盛/nr 分析/vn 認為/v ，/x 台積/n 電全/n 年度/n 展望/v 將/d 維持/v 不變/v ，/x 預計/vn 營收/n 年/m 增/v  /x 20/m %/x ，/x 半導體/n 產業/n 展望/v （/x 晶/nr 圓/vg 代工/n 收入/v ）/x 年/m 增/v  /x 10/m %/x ，/x 有中/r 到/v 高段/n 雙位數/n 成長/v 。/x 
/x 
/x 
/x  /x 高盛/nr 最新/d 研究/vn 報告/n 指出/v ，/x 台積/n 電/n  /x 2024/m  /x 年/m 業績/n 展望/v 與/p 預測/vn 大致/d 相當/d ，/x 全年/m 營收/v 年/m 增/v  /x 24/m %/x ，/x 季增/nr  /x 8.2/m %/x ，/x 毛利率/n 達/zg  /x 53.8/m %/x 。/x  /x 展望/v  /x 2024/m  /x 年/m 第三季/m ，/x 分析/vn 師/ng 預計/v 台積/n 電營/vn 收將/n 環/n 比增/v 長/zg  /x 10.9/m %/x ，/x 但/c 毛利率/n 可能/v 因/p  /x N3/eng  /x 製/yg 程/q 擴/vg 產/v 略/d 下降/v 至/p  /x 52.8/m %/x 。/x  /x 分析/vn 師/ng 也/d 重申/v 台積/n 電/n 「/x 買進/v 」/x 投資/vn 評等/v ，/x 且/zg  /x 12/m  /x 個/m 月/m 目標/n 價調/n 升為/v 每股/r 新/a 台幣/n  /x 1/x ,/x 160/m  /x 元/m 。/x  /x 鑑/nr 於/nr  /x 3/x  /x //x  /x 5/x  /x 奈/vg 米/q 製/yg 程/q 、/x 先/d 進封/v 裝/n （/x CoWoS/eng ）/x 技術/n 領先/vn ，/x 高盛/nr 還/x 提到/v 台積/n 電/n  /x 2025/m  /x 年/m 可能/v 提高/v 定價/n ，/x 目的/n 是/v 應/v 對/p 不斷/d 上漲/v 的/uj 成本/n ，/x 以/p 維持/v 長期/d  /x 53/m %/x  /x 毛利率/n 目標/n 。/x  /x （/x 首圖/n 來源/n ：/x 台積/n 電/n ）/x"
散戶逆勢搶入？高盛：避險基金 6 月大賣半導體股,2024 年 06 月 28 日 9:45,MoneyDJ,"大型科技股再次成為 6 月美股上漲的驅動力，但高盛（Goldman Sachs）統計發現，避險基金正在逢高出脫這些個股，扭轉今年稍早的買進趨勢。


 MarketWatch 27日報導，高盛由Vincent Lin帶領的分析師團隊本週稍早發表研究報告指出，過去一個月來，避險基金「積極」（aggressively）賣超科技、媒體與電信類股，單月賣超額即將寫下2017年來新高紀錄。 高盛資料顯示，半導體、半導體設備類股是6月遭避險基金拋售最多的次族群，其次是軟體與網路類股。 根據高盛分析，避險基金對「動能股」的曝險將是六個月以來首次降低，對於「做多集中度」（long concentration）、「做多擁擠度」（long crowdedness）的曝險也顯著下滑，皆創2024年以來新低。 高盛報告稱，這暗示，年初迄今上述策略繳出強勁報酬後，採取多空對沖策略的基金經理人態度開始轉趨謹慎。 （本文由 MoneyDJ新聞 授權轉載；首圖來源：shutterstock）","大型 科技股 再次 成為   6   月 美股 上漲 的 驅動力 ， 但 高盛 （ Goldman   Sachs ） 統計 發現 ， 避險 基金 正在 逢 高出 脫 這些 個股 ， 扭轉 今年 稍早 的 買進 趨勢 。 
 
 
   MarketWatch   27 日 報導 ， 高盛 由 Vincent   Lin 帶領 的 分析師 團隊 本週 稍早 發表 研究 報告 指出 ， 過去 一個月 來 ， 避險 基金 「 積極 」 （ aggressively ） 賣超 科技 、 媒體 與 電信 類股 ， 單月 賣 超額 即將 寫下 2017 年來 新高 紀錄 。   高盛 資料 顯示 ， 半導體 、 半導體 設備 類股 是 6 月 遭 避險 基金 拋售 最多 的 次 族群 ， 其次 是 軟體 與 網路 類股 。   根據 高盛 分析 ， 避險 基金 對 「 動能 股 」 的 曝險將 是 六個月 以來 首次 降低 ， 對於 「 做 多 集中度 」 （ long   concentration ） 、 「 做 多 擁擠 度 」 （ long   crowdedness ） 的 曝險 也 顯著 下滑 ， 皆 創 2024 年 以來 新低 。   高盛 報告 稱 ， 這 暗示 ， 年初 迄今 上述 策略 繳出 強勁 報酬 後 ， 採取 多空 對 沖 策略 的 基金 經理人 態度 開始 轉趨 謹慎 。   （ 本文 由   MoneyDJ 新聞   授權 轉載 ； 首圖 來源 ： shutterstock ）","大型/b 科技股/n 再次/d 成為/v  /x 6/x  /x 月/m 美股/m 上漲/v 的/uj 驅動/vn 力/n ，/x 但/c 高盛/nr （/x Goldman/eng  /x Sachs/eng ）/x 統計/v 發現/v ，/x 避險/v 基金/n 正在/t 逢/zg 高出/v 脫/v 這些/r 個/q 股/q ，/x 扭轉/v 今年/t 稍早/d 的/uj 買進/v 趨勢/n 。/x 
/x 
/x 
/x  /x MarketWatch/eng  /x 27/m 日/m 報導/n ，/x 高盛/nr 由/c Vincent/eng  /x Lin/eng 帶領/v 的/uj 分析/vn 師團隊/n 本週/t 稍早/d 發表/v 研究/vn 報告/n 指出/v ，/x 過去/t 一個/m 月/m 來/v ，/x 避險/v 基金/n 「/x 積極/ad 」/x （/x aggressively/eng ）/x 賣/v 超/v 科技/n 、/x 媒體/n 與/p 電信類/n 股/n ，/x 單/d 月/m 賣/v 超額/b 即/v 將/d 寫/v 下/f 2017/m 年來/t 新高/v 紀錄/n 。/x  /x 高盛/nr 資料/n 顯示/v ，/x 半導體/n 、/x 半導體/n 設備/vn 類股/n 是/v 6/m 月/m 遭/v 避險/v 基金/n 拋售/v 最多/a 的/uj 次/n 族群/n ，/x 其次/r 是/v 軟體/n 與/p 網路/n 類/q 股/q 。/x  /x 根據/p 高盛/nr 分析/vn ，/x 避險/v 基金/n 對/x 「/x 動能/n 股/n 」/x 的/uj 曝險/n 將/d 是/v 六個/m 月/m 以來/f 首次/m 降低/v ，/x 對/p 於/nr 「/x 做/v 多/m 集中度/n 」/x （/x long/eng  /x concentration/eng ）/x 、/x 「/x 做/v 多/m 擁擠/v 度/q 」/x （/x long/eng  /x crowdedness/eng ）/x 的/uj 曝險/n 也/d 顯著/v 下滑/v ，/x 皆/d 創/v 2024/m 年/m 以來/f 新低/v 。/x  /x 高盛/nr 報告/n 稱/v ，/x 這/zg 暗示/v ，/x 年初/t 迄今/d 上述/b 策略/n 繳出/v 強勁/a 報酬/n 後/nr ，/x 採取/v 多/m 空/a 對/p 沖/zg 策略/n 的/uj 基金/n 經理人/n 態度/n 開始/v 轉趨/d 謹慎/a 。/x  /x （/x 本文/r 由/p  /x MoneyDJ/eng 新聞/n  /x 授權/v 轉載/v ；/x 首圖/n 來源/n ：/x shutterstock/eng ）/x"
"智原科技擴大布局韓國半導體市場，董事會通過 3,000 萬美元投資案",2024 年 06 月 28 日 9:20,TechNews,"台灣 IC 設計服務公司智原科技今日宣布，董事會 27 日通過一項重大投資案，透過子公司勝邦投資股份有限公司，投資韓國半導體企業 CoAsia SEMI Korea Corporation 可轉換 A 種特別股，投資金額上限為 3,000 萬美元。 


 根據公告，智原科技此次認購CoAsia SEMI Korea Corporation 450,000股特別股，投資後累積持股比例達15.8%。智原科技表示，此次投資屬於策略性布局，旨在提升公司半導體產業競爭力並開拓海外市場。 智原科技強調，投資資金來源為自有資金，不會對公司財務造成壓力。根據最新財報，此筆投資約占公司總資產7.92%，占歸屬母公司業主權益的7.17%。 分析師指出，智原科技可能是為了加強布局韓國半導體市場，並獲新技術合作機會。隨著全球半導體產業競爭日益激烈，智原科技此次跨國投資，顯示積極尋求成長機會，以鞏固IC設計領域領先地位。 智原科技表示，投資案獲董事會全體通過，並經審計委員會同意，將依據CoAsia SEMI Korea Corporation增資時程進行後續投資。市場人士普遍看好此次投資對智原科技發展的正面影響，期待為公司帶來新成長動能。 （首圖來源：智原科技）","台灣   IC   設計 服務公司 智原 科技 今日 宣布 ， 董事會   27   日 通過 一項 重大 投資 案 ， 透過 子公司 勝邦 投資 股份 有限公司 ， 投資 韓國 半導體 企業   CoAsia   SEMI   Korea   Corporation   可 轉換   A   種 特別 股 ， 投資 金額 上限 為   3 , 000   萬美元 。   
 
 
   根據 公告 ， 智原 科技 此次 認購 CoAsia   SEMI   Korea   Corporation   450 , 000 股 特別 股 ， 投資 後 累積 持股 比例 達 15.8% 。 智原 科技 表示 ， 此次 投資 屬於 策略性 布局 ， 旨在 提升 公司 半導體 產業 競爭力 並 開拓 海外 市場 。   智原 科技 強調 ， 投資 資金來源 為 自有 資金 ， 不會 對 公司財務 造成 壓力 。 根據 最新 財報 ， 此筆 投資 約 占 公司 總資產 7.92% ， 占 歸屬 母公司 業主權益 的 7.17% 。   分析師 指出 ， 智原 科技 可能 是 為 了 加強 布局 韓國 半導體 市場 ， 並獲 新 技術 合作 機會 。 隨著 全球 半導體 產業 競爭 日益 激烈 ， 智原 科技 此次 跨國 投資 ， 顯示 積極 尋求 成長 機會 ， 以 鞏固 IC 設計 領域 領先地位 。   智原 科技 表示 ， 投資 案獲 董事會 全體 通過 ， 並經 審計 委員會 同意 ， 將 依據 CoAsia   SEMI   Korea   Corporation 增資 時程 進行 後續 投資 。 市場 人士 普遍 看好 此次 投資 對 智原 科技 發展 的 正面 影響 ， 期待 為 公司 帶來 新 成長 動能 。   （ 首圖 來源 ： 智原 科技 ）","台灣/ns  /x IC/eng  /x 設計/vn 服務/vn 公司/n 智原/ns 科技/n 今日/t 宣布/v ，/x 董事/n 會/zg  /x 27/m  /x 日/m 通過/p 一項/m 重大/a 投資/vn 案/n ，/x 透過/v 子公司/n 勝邦/n 投資/vn 股份/n 有限公司/n ，/x 投資/vn 韓國/ns 半導體/n 企業/n  /x CoAsia/eng  /x SEMI/eng  /x Korea/eng  /x Corporation/eng  /x 可/v 轉換/v  /x A/x  /x 種/m 特別/d 股/n ，/x 投資/vn 金額/n 上限/v 為/zg  /x 3/x ,/x 000/m  /x 萬/zg 美元/q 。/x  /x 
/x 
/x 
/x  /x 根據/p 公告/n ，/x 智原/ns 科技/n 此次/r 認購/v CoAsia/eng  /x SEMI/eng  /x Korea/eng  /x Corporation/eng  /x 450/m ,/x 000/m 股/q 特別/d 股/n ，/x 投資/vn 後/nr 累積/v 持股/v 比例/n 達/v 15.8/m %/x 。/x 智原/ns 科技/n 表示/v ，/x 此次/r 投資/vn 屬/v 於/nr 策略性/n 布局/n ，/x 旨在/v 提升/v 公司/n 半導體/n 產業/n 競爭/vn 力/n 並/c 開拓/v 海外/s 市場/n 。/x  /x 智原/ns 科技/n 強調/v ，/x 投資/vn 資金/n 來源/n 為/p 自有/v 資金/n ，/x 不/d 會/v 對/p 公司/n 財務/nt 造成/v 壓力/n 。/x 根據/p 最新/d 財報/n ，/x 此筆/r 投資/vn 約/d 占/v 公司/n 總資產/n 7.92/m %/x ，/x 占/v 歸/v 屬/v 母公司/n 業主權益/n 的/uj 7.17/m %/x 。/x  /x 分析/vn 師/zg 指出/v ，/x 智原/ns 科技/n 可能/v 是/v 為了/p 加強/v 布局/n 韓國/ns 半導體/n 市場/n ，/x 並/c 獲新/v 技術/n 合作/vn 機會/n 。/x 隨著/v 全球/n 半導體/n 產業/n 競爭/vn 日益/n 激烈/a ，/x 智原/ns 科技/n 此次/r 跨國/b 投資/vn ，/x 顯示/v 積極/ad 尋求/v 成長/v 機會/n ，/x 以/p 鞏固/v IC/eng 設計/vn 領域/n 領先/vn 地位/n 。/x  /x 智原/ns 科技/n 表示/v ，/x 投資案/n 獲/v 董事/n 會/v 全體/n 通過/p ，/x 並經/d 審計/v 委員會/n 同意/d ，/x 將/d 依據/p CoAsia/eng  /x SEMI/eng  /x Korea/eng  /x Corporation/eng 增資/v 時程/n 進行/v 後/nr 續/v 投資/vn 。/x 市場/n 人士/n 普遍/ad 看好/v 此次/r 投資/vn 對/p 智原/ns 科技/n 發展/vn 的/uj 正面/ad 影響/vn ，/x 期待/v 為/zg 公司/n 帶來/v 新/a 成長/n 動能/v 。/x  /x （/x 首圖/n 來源/n ：/x 智原/ns 科技/n ）/x"
中國出口增加，亞洲輸歐貨櫃量連 14 揚逾兩年高,2024 年 06 月 28 日 9:01,MoneyDJ,"中國出口增加，帶動亞洲發往歐洲的貨櫃運輸量連 14 個月增長，創逾兩年來新高水準。 


 日經新聞27日報導，日本海事中心（JMC，Japan Maritime Center）統計資料指出，因中國出口增加，帶動4月亞洲發往歐洲的海上貨櫃運輸量較去年同月增加4.4%至150萬7,636個（以20呎標準貨櫃換算），連14個月呈現增長，增幅較3月成長1.6%擴大，月運輸量創2022年1月155萬407個後新高。 就發貨地看，4月從中華地區（中國和香港）發往歐洲的貨櫃量較去年同月增加6.3%至117萬2,767個、東北亞（台灣、日本、南韓、俄羅斯遠東地區）減少6.4%至14萬4,289個、東南亞增加1.8%至19萬577個。 就目的地看，4月亞洲發往擁有多數主要港口的北歐的貨櫃量較去年同月增加6.9%至93萬3,397個、發往西地中海的貨櫃量增加4.1%至28萬3,469個、東地中海減少2.8%至29萬770個。 因汽車運輸船短缺，中國電動車（EV）廠積極用貨櫃船出口車輛，也是推升亞洲輸歐貨櫃量揚升的原因，不過因歐盟（EU）決定7月起對中國電動車加徵最高38%關稅，若因追加關稅導致出口減少，可能壓低整體貨櫃運輸量。 Sea-Intelligence 13日報告預測，倘若運能持續吃緊、船隻持續避開紅海，依疫情期間運費走勢，亞洲至地中海的40呎櫃運費每口可能突破2萬美元。 Sea-Intelligence執行長Alan Murphy指出，若以疫情期間每海里運費計算（亞洲至地中海每海里運費為1.6美元、亞洲至北歐為1.4美元），則船隻因紅海危機繞道，導致上海至鹿特丹的40呎櫃即期運費上探18,900美元，上海至熱那亞上探21,600美元，從鹿特丹返回上海的40呎櫃即期運費預料達2,200美元。 （本文由 MoneyDJ新聞 授權轉載；首圖來源：shutterstock）","中國 出口 增加 ， 帶動 亞洲 發往 歐洲 的 貨櫃 運輸量 連   14   個 月 增長 ， 創逾兩 年來 新高 水準 。   
 
 
   日經 新聞 27 日 報導 ， 日本海 事 中心 （ JMC ， Japan   Maritime   Center ） 統計資料 指出 ， 因 中國 出口 增加 ， 帶動 4 月 亞洲 發往 歐洲 的 海上 貨櫃 運輸量 較 去年 同月 增加 4.4% 至 150 萬 7 , 636 個 （ 以 20 呎 標準 貨櫃 換算 ） ， 連 14 個 月 呈現 增長 ， 增幅 較 3 月 成長 1.6% 擴大 ， 月 運輸量 創 2022 年 1 月 155 萬 407 個 後 新高 。   就 發貨地 看 ， 4 月 從中 華 地區 （ 中國 和 香港 ） 發往 歐洲 的 貨櫃 量 較 去年 同月 增加 6.3% 至 117 萬 2 , 767 個 、 東北亞 （ 台灣 、 日本 、 南韓 、 俄羅斯遠東地區 ） 減少 6.4% 至 14 萬 4 , 289 個 、 東南亞 增加 1.8% 至 19 萬 577 個 。   就 目的地 看 ， 4 月 亞洲 發往 擁有 多數 主要 港口 的 北歐 的 貨櫃 量 較 去年 同月 增加 6.9% 至 93 萬 3 , 397 個 、 發往 西 地中海 的 貨櫃 量 增加 4.1% 至 28 萬 3 , 469 個 、 東 地中海 減少 2.8% 至 29 萬 770 個 。   因 汽車 運輸船 短缺 ， 中國 電動車 （ EV ） 廠 積極 用 貨櫃船 出口 車輛 ， 也 是 推升 亞洲 輸歐 貨櫃 量 揚升 的 原因 ， 不過 因 歐盟 （ EU ） 決定 7 月 起 對 中國 電動車 加徵 最高 38% 關稅 ， 若因 追加 關稅 導致 出口 減少 ， 可能 壓低 整體 貨櫃 運輸量 。   Sea - Intelligence   13 日 報告 預測 ， 倘若 運能 持續 吃緊 、 船隻 持續 避開 紅海 ， 依 疫情 期間 運費 走勢 ， 亞洲 至 地中海 的 40 呎 櫃 運費 每口 可能 突破 2 萬美元 。   Sea - Intelligence 執行長 Alan   Murphy 指出 ， 若 以 疫情 期間 每 海里 運費 計算 （ 亞洲 至 地中海 每 海里 運費 為 1.6 美元 、 亞洲 至 北歐 為 1.4 美元 ） ， 則 船隻 因 紅海 危機 繞道 ， 導致 上海 至 鹿特丹 的 40 呎 櫃 即期 運費 上探 18 , 900 美元 ， 上海 至 熱那亞 上探 21 , 600 美元 ， 從 鹿特丹 返回 上海 的 40 呎 櫃 即期 運費 預料 達 2 , 200 美元 。   （ 本文 由   MoneyDJ 新聞   授權 轉載 ； 首圖 來源 ： shutterstock ）","中國/ns 出口/vn 增加/v ，/x 帶動/v 亞洲/ns 發往/v 歐洲/ns 的/uj 貨櫃/n 運輸量/n 連/u  /x 14/m  /x 個/m 月/m 增長/v ，/x 創/vg 逾/vg 兩年/m 來/v 新高/v 水準/n 。/x  /x 
/x 
/x 
/x  /x 日/m 經新聞/n 27/m 日/m 報導/n ，/x 日本海/ns 事/n 中心/n （/x JMC/eng ，/x Japan/eng  /x Maritime/eng  /x Center/eng ）/x 統計/vn 資料/n 指出/v ，/x 因/p 中國/ns 出口/vn 增加/v ，/x 帶動/v 4/m 月/m 亞洲/ns 發往/v 歐洲/ns 的/uj 海上/s 貨櫃/n 運輸/vn 量/n 較/d 去年/t 同月/t 增加/v 4.4/m %/x 至/p 150/m 萬/m 7/m ,/x 636/m 個/m （/x 以/p 20/m 呎/yg 標/v 準/a 貨/n 櫃/ng 換/v 算/v ）/x ，/x 連/nr 14/m 個/m 月/m 呈現/v 增長/v ，/x 增幅/n 較/d 3/m 月/m 成長/v 1.6/m %/x 擴大/v ，/x 月/m 運輸量/n 創/n 2022/m 年/m 1/m 月/m 155/m 萬/m 407/m 個/m 後/nr 新高/v 。/x  /x 就/d 發貨/v 地/uv 看/v ，/x 4/m 月/m 從/p 中華地區/ns （/x 中國/ns 和/c 香港/ns ）/x 發往/v 歐洲/ns 的/uj 貨櫃量/n 較/d 去年/t 同月/t 增加/v 6.3/m %/x 至/p 117/m 萬/m 2/m ,/x 767/m 個/m 、/x 東北亞/ns （/x 台灣/ns 、/x 日本/ns 、/x 南韓/nr 、/x 俄羅斯遠東/ns 地區/n ）/x 減少/v 6.4/m %/x 至/p 14/m 萬/m 4/m ,/x 289/m 個/m 、/x 東南亞/ns 增加/v 1.8/m %/x 至/p 19/m 萬/m 577/m 個/m 。/x  /x 就/d 目的地/n 看/v ，/x 4/m 月/m 亞洲/ns 發往/v 擁有/v 多數/m 主要/b 港口/n 的/uj 北歐/ns 的/uj 貨櫃量/n 較/d 去年/t 同月/t 增加/v 6.9/m %/x 至/p 93/m 萬/m 3/m ,/x 397/m 個/m 、/x 發往/v 西/ns 地中海/ns 的/uj 貨櫃量/n 增加/v 4.1/m %/x 至/p 28/m 萬/m 3/m ,/x 469/m 個/m 、/x 東/zg 地中海/ns 減少/v 2.8/m %/x 至/p 29/m 萬/m 770/m 個/m 。/x  /x 因/p 汽車/n 運輸/vn 船/n 短缺/a ，/x 中國/ns 電動車/n （/x EV/eng ）/x 廠/n 積極/ad 用/p 貨櫃/n 船/n 出口/vn 車輛/n ，/x 也/d 是/v 推升/v 亞洲/ns 輸歐/ns 貨櫃量/n 揚升/v 的/uj 原因/n ，/x 不過/c 因/p 歐盟/j （/x EU/eng ）/x 決定/v 7/m 月/m 起/v 對/p 中國/ns 電動車/n 加徵/nr 最高/a 38/m %/x 關稅/n ，/x 若/c 因/c 追加/v 關稅/n 導致/v 出口/vn 減少/v ，/x 可能/v 壓低/v 整體/n 貨櫃/n 運輸量/n 。/x  /x Sea/eng -/x Intelligence/eng  /x 13/m 日/m 報告/n 預測/vn ，/x 倘若/c 運能/n 持續/vd 吃緊/v 、/x 船/n 隻/zg 持/v 續/v 避/v 開/v 紅/a 海/n ，/x 依/d 疫情/n 期間/f 運費/vn 走勢/n ，/x 亞洲/ns 至/p 地中海/ns 的/uj 40/m 呎/yg 櫃/ng 運/v 費/v 每/r 口/q 可能/v 突破/vn 2/m 萬/m 美元/q 。/x  /x Sea/eng -/x Intelligence/eng 執行/v 長/a Alan/eng  /x Murphy/eng 指出/v ，/x 若/c 以/p 疫情/n 期間/f 每/r 海里/s 運費/vn 計算/v （/x 亞洲/ns 至/p 地中海/ns 每/zg 海里/s 運費/vn 為/p 1.6/m 美元/q 、/x 亞洲/ns 至/p 北歐/ns 為/p 1.4/m 美元/q ）/x ，/x 則/d 船/n 隻/y 因/p 紅/a 海/n 危/vg 機/ng 繞/v 道/q ，/x 導致/v 上海/ns 至/p 鹿特丹/nr 的/uj 40/m 呎/yg 櫃/ng 即期/d 運費/vn 上/f 探/v 18/m ,/x 900/m 美元/q ，/x 上海/ns 至/p 熱那亞/ns 上/f 探/v 21/m ,/x 600/m 美元/q ，/x 從/zg 鹿特丹/nr 返回/v 上海/ns 的/uj 40/m 呎/yg 櫃/ng 即期/d 運費/vn 預料/n 達/v 2/m ,/x 200/m 美元/q 。/x  /x （/x 本文/r 由/p  /x MoneyDJ/eng 新聞/n  /x 授權/v 轉載/v ；/x 首圖/n 來源/n ：/x shutterstock/eng ）/x"
東京通膨續升溫，核心 CPI 增幅擴大、突破 2%,2024 年 06 月 28 日 8:46,MoneyDJ,"住宿費、電費大漲，推升東京通膨持續升溫，核心 CPI 增幅擴大、3 個月來首度突破 2%。 


 日本總務省28日公布經濟數據指出，因住宿費飆漲、電費等能源價格大幅揚升，2024年6月份做為日本核心消費者物價指數（核心CPI）領先指標的東京核心CPI（以2020年=100）為107.0、較去年同月上揚2.1%，為連續第34個月呈現揚升，增幅高於前一個月份（2024年5月、年增1.9%）、連續第2個月呈現擴大，且增幅3個月來首度突破日本央行（日銀、BOJ）所設定的「2%」目標。 路透社事前調查的市場預估值為揚升2.0%、總務省公布的東京核心CPI增幅略高於市場預期。 做為領先指標的東京核心CPI增幅擴大，也讓預計7月公布的日本6月份全國核心CPI增幅也有可能擴大。 6月份東京能源價格較去年同月大漲7.5%（前一個月份為上漲5.9%）。其中，電費較去年同月大漲10.8%（前一個月份為大漲13.1%）、連續第2個月揚升；都市瓦斯（City Gas）費上揚3.8%（前一個月份為下跌3.9%）、汽油價格揚升3.4%（前一個月份為揚升4.1%）。 另外，6月份東京住宿費用較去年同月飆漲19.9%（前一個月份為大漲14.7%）；扣除生鮮食品後的食品價格較去年同月揚升3.0%（前一個月份為揚升3.2%）。 6月份東京扣除生鮮食品以及能源之後的「核心核心CPI」為106.2、較去年同月揚升1.8%，增幅高於前一個月份（年增1.7%）、10個月來首度呈現擴大，不過增幅連續第3個月低於2%。 6月份東京貼近家庭實際感受、包含生鮮食品在內的消費者物價指數年增2.3%至107.5，增幅高於前一個月份（年增2.2%）、連續第2個月呈現擴大，且增幅連續第2個月高於2%。 日本總務省6月21日公布經濟數據指出，因住宿費等服務價格揚升、電費等能源價格大漲，2024年5月份日本排除生鮮食品後的消費者物價指數（核心CPI、以2020年=100）較去年同月揚升2.5%至107.5，連續第33個月呈現揚升，增幅連續第26個月高於日本政府/日銀所設定的「2%」目標，且增幅高於前一個月份（2024年4月、年增2.2%）、3個月來首度呈現擴大。 （本文由 MoneyDJ新聞 授權轉載；首圖來源：pixabay）","住宿費 、 電費 大漲 ， 推升 東京 通 膨 持續 升溫 ， 核心   CPI   增幅 擴大 、 3   個 月 來 首度 突破   2% 。   
 
 
   日本 總務 省 28 日 公布 經濟 數據 指出 ， 因 住宿費 飆漲 、 電費 等 能源價格 大幅 揚升 ， 2024 年 6 月份 做 為 日本 核心 消費者 物價指數 （ 核心 CPI ） 領先 指標 的 東京 核心 CPI （ 以 2020 年 = 100 ） 為 107.0 、 較 去年 同月 上揚 2.1% ， 為 連續 第 34 個 月 呈現 揚升 ， 增幅 高於 前 一個 月份 （ 2024 年 5 月 、 年增 1.9% ） 、 連續 第 2 個 月 呈現 擴大 ， 且 增幅 3 個 月 來 首度 突破 日本央行 （ 日 銀 、 BOJ ） 所 設定 的 「 2% 」 目標 。   路透社 事前 調查 的 市場 預估 值為 揚升 2.0% 、 總務 省 公布 的 東京 核心 CPI 增幅 略高於 市場 預期 。   做 為 領先 指標 的 東京 核心 CPI 增幅 擴大 ， 也 讓 預計 7 月 公布 的 日本 6 月份 全國 核心 CPI 增幅 也 有 可能 擴大 。   6 月份 東京 能源價格 較 去年 同月 大漲 7.5% （ 前 一個 月份 為 上漲 5.9% ） 。 其中 ， 電費 較 去年 同月 大漲 10.8% （ 前 一個 月份 為大漲 13.1% ） 、 連續 第 2 個 月 揚升 ； 都市 瓦斯 （ City   Gas ） 費 上揚 3.8% （ 前 一個 月份 為 下跌 3.9% ） 、 汽油價格 揚升 3.4% （ 前 一個 月份 為 揚升 4.1% ） 。   另外 ， 6 月份 東京 住宿費 用 較 去年 同月 飆漲 19.9% （ 前 一個 月份 為大漲 14.7% ） ； 扣除 生鮮食品 後 的 食品 價格 較 去年 同月 揚升 3.0% （ 前 一個 月份 為 揚升 3.2% ） 。   6 月份 東京 扣除 生鮮食品 以及 能源 之後 的 「 核心 核心 CPI 」 為 106.2 、 較 去年 同月 揚升 1.8% ， 增幅 高於 前 一個 月份 （ 年增 1.7% ） 、 10 個 月 來 首度 呈現 擴大 ， 不過 增幅 連續 第 3 個 月 低於 2% 。   6 月份 東京 貼近 家庭 實際 感受 、 包含 生鮮食品 在內 的 消費者 物價指數 年增 2.3% 至 107.5 ， 增幅 高於 前 一個 月份 （ 年增 2.2% ） 、 連續 第 2 個 月 呈現 擴大 ， 且 增幅 連續 第 2 個 月 高於 2% 。   日本 總務 省 6 月 21 日 公布 經濟 數據 指出 ， 因 住宿費 等 服務 價格 揚升 、 電費 等 能源價格 大漲 ， 2024 年 5 月份 日本 排除 生鮮食品 後 的 消費者 物價指數 （ 核心 CPI 、 以 2020 年 = 100 ） 較 去年 同月 揚升 2.5% 至 107.5 ， 連續 第 33 個 月 呈現 揚升 ， 增幅 連續 第 26 個 月 高於 日本政府 / 日銀所 設定 的 「 2% 」 目標 ， 且 增幅 高於 前 一個 月份 （ 2024 年 4 月 、 年增 2.2% ） 、 3 個 月 來 首度 呈現 擴大 。   （ 本文 由   MoneyDJ 新聞   授權 轉載 ； 首圖 來源 ： pixabay ）","住宿/n 費/zg 、/x 電費/n 大漲/v ，/x 推升/v 東京通/nt 膨持/v 續升/v 溫/n ，/x 核心/n  /x CPI/eng  /x 增幅/n 擴大/v 、/x 3/x  /x 個/m 月/m 來/v 首度/n 突破/vn  /x 2/x %/x 。/x  /x 
/x 
/x 
/x  /x 日本/ns 總務/n 省/n 28/m 日/m 公布/v 經濟/n 數據/n 指出/v ，/x 因/p 住宿/n 費/v 飆漲/v 、/x 電費/n 等/u 能源/n 價格/n 大幅/d 揚升/v ，/x 2024/m 年/m 6/m 月份/n 做為/v 日本/ns 核心/n 消費者/n 物價/n 指數/n （/x 核心/n CPI/eng ）/x 領先/vn 指標/n 的/uj 東京/ns 核心/n CPI/eng （/x 以/p 2020/m 年/m =/x 100/m ）/x 為/p 107.0/m 、/x 較/x 去年/t 同月/t 上揚/v 2.1/m %/x ，/x 為/p 連續/a 第/m 34/m 個/m 月/m 呈現/v 揚升/v ，/x 增幅/n 高/a 於/nr 前/f 一個/m 月份/n （/x 2024/m 年/m 5/m 月/m 、/x 年/m 增/v 1.9/m %/x ）/x 、/x 連續/a 第/m 2/m 個/m 月/m 呈現/v 擴大/v ，/x 且/zg 增幅/n 3/m 個/m 月/m 來/v 首度/n 突破/vn 日本央行/nt （/x 日銀/nt 、/x BOJ/eng ）/x 所/u 設定/v 的/uj 「/x 2/x %/x 」/x 目標/n 。/x  /x 路透社/n 事前/t 調查/vn 的/uj 市場/n 預/v 估值/n 為/p 揚升/v 2.0/m %/x 、/x 總務/n 省/n 公布/v 的/uj 東京/ns 核心/n CPI/eng 增幅/n 略/d 高/a 於/nr 市場/n 預期/vn 。/x  /x 做為/v 領先/vn 指標/n 的/uj 東京/ns 核心/n CPI/eng 增幅/n 擴大/v ，/x 也/d 讓/v 預計/v 7/m 月/m 公布/v 的/uj 日本/ns 6/x 月份/n 全國/nt 核心/n CPI/eng 增幅/n 也/d 有/v 可能/v 擴大/v 。/x  /x 6/x 月份/n 東京/ns 能源/n 價格/n 較/d 去年/t 同月/t 大/a 漲/v 7.5/m %/x （/x 前/f 一個/m 月份/n 為/p 上漲/v 5.9/m %/x ）/x 。/x 其中/r ，/x 電費/n 較/d 去年/t 同月/t 大/a 漲/v 10.8/m %/x （/x 前/f 一個/m 月份/n 為/p 大/a 漲/v 13.1/m %/x ）/x 、/x 連續/a 第/m 2/m 個/m 月/m 揚升/v ；/x 都市/ns 瓦斯/nrt （/x City/eng  /x Gas/eng ）/x 費上揚/nr 3.8/m %/x （/x 前/f 一個/m 月份/n 為/zg 下跌/v 3.9/m %/x ）/x 、/x 汽油/n 價格/n 揚升/v 3.4/m %/x （/x 前/f 一個/m 月份/n 為/p 揚升/v 4.1/m %/x ）/x 。/x  /x 另外/c ，/x 6/x 月份/n 東京/ns 住宿/n 費用/n 較/d 去年/t 同月/t 飆漲/v 19.9/m %/x （/x 前/f 一個/m 月份/n 為/p 大/a 漲/v 14.7/m %/x ）/x ；/x 扣除/v 生鮮/vn 食品/n 後/nr 的/uj 食品/n 價格/n 較/d 去年/t 同月/t 揚升/v 3.0/m %/x （/x 前/f 一個/m 月份/n 為/p 揚升/v 3.2/m %/x ）/x 。/x  /x 6/x 月份/n 東京/ns 扣除/v 生鮮/vn 食品/n 以及/c 能源/n 之/u 後/nr 的/uj 「/x 核心/n 核心/n CPI/eng 」/x 為/p 106.2/m 、/x 較/x 去年/t 同月/t 揚升/v 1.8/m %/x ，/x 增幅/n 高/a 於/nr 前/f 一個/m 月份/n （/x 年/m 增/v 1.7/m %/x ）/x 、/x 10/m 個/m 月/m 來/v 首度/n 呈現/v 擴大/v ，/x 不過/c 增幅/n 連續/a 第/m 3/m 個/m 月/m 低/a 於/nr 2/m %/x 。/x  /x 6/x 月份/n 東京/ns 貼近/v 家庭/n 實際/n 感受/v 、/x 包含/v 生鮮/vn 食品/n 在/p 內/f 的/uj 消費者/n 物價/n 指數/n 年/m 增/v 2.3/m %/x 至/p 107.5/m ，/x 增幅/n 高/a 於/nr 前/f 一個/m 月份/n （/x 年/m 增/v 2.2/m %/x ）/x 、/x 連續/a 第/m 2/m 個/m 月/m 呈現/v 擴大/v ，/x 且/zg 增幅/n 連續/a 第/m 2/m 個/m 月/m 高/a 於/nr 2/m %/x 。/x  /x 日本/ns 總務/n 省/n 6/m 月/m 21/m 日/m 公布/v 經濟/n 數據/n 指出/v ，/x 因/p 住宿/n 費/v 等/u 服務/vn 價格/n 揚升/v 、/x 電費/n 等/u 能源/n 價格/n 大漲/v ，/x 2024/m 年/m 5/m 月份/n 日本/ns 排除/v 生鮮/vn 食品/n 後/nr 的/uj 消費者/n 物價/n 指數/n （/x 核心/n CPI/eng 、/x 以/p 2020/m 年/m =/x 100/m ）/x 較/x 去年/t 同月/t 揚升/v 2.5/m %/x 至/p 107.5/m ，/x 連續/a 第/m 33/m 個/m 月/m 呈現/v 揚升/v ，/x 增幅/n 連續/a 第/m 26/m 個/m 月/m 高/a 於/nr 日本政府/nt //x 日銀所/nt 設定/v 的/uj 「/x 2/x %/x 」/x 目標/n ，/x 且/zg 增幅/n 高/a 於/nr 前/f 一個/m 月份/n （/x 2024/m 年/m 4/m 月/m 、/x 年/m 增/v 2.2/m %/x ）/x 、/x 3/m 個/m 月/m 來/v 首度/n 呈現/v 擴大/v 。/x  /x （/x 本文/r 由/p  /x MoneyDJ/eng 新聞/n  /x 授權/v 轉載/v ；/x 首圖/n 來源/n ：/x pixabay/eng ）/x"
經濟趨緩、盼降息，那指揚；美光拖累費半,2024 年 06 月 28 日 8:40,MoneyDJ,"數據顯示經濟持續趨緩、引發降息期待，帶動那斯達克指數、標準普爾 500 指數在關鍵通膨報告前夕略為收高，但美光（Micron Technology Inc.）重挫衝擊半導體類股逆勢走軟。 


 道瓊工業平均指數6月27日終場上漲0.09%（36.26點）、收39,164.06點。那斯達克指數上漲0.3%（53.53點）、收17,858.68點。標準普爾500指數上漲0.09%（4.97點）、收5,482.87點。費城半導體指數下跌0.57%（31.23點）、收5,421.09點。 聯準會（Fed）偏好的關鍵通膨指標——「核心個人消費支出（PCE）物價指數」即將於美東時間28日上午8時30分出爐。經濟學家普遍預測，5月核心PCE月增率將達0.1%，低於前月的0.2%，年增率則將從前月的2.8%降至2.6%。 Baird投資策略分析師Ross Mayfield指出，市場在PCE公布前呈現盤整模式，因為目前沒有太多大的催化劑。 最新公布的經濟數據引發降息預期。5月美國資本財新訂單意外下滑，而核心耐久財訂單也月減0.1%、遜於經濟學家原本預估的0.2%。 另外，第一季（1-3月）國內生產毛額（GDP）年增率終值僅有1.4%、略高於前值1.3%，而截至6月22日為止當週的首次申請失業救濟金人數則較前週下跌6,000人至233,000人。 市場仍舊預測今（2024）年會降兩次息。路透社報導，LSEG統計的芝加哥商業交易所（CME） FedWatch工具顯示，9月降息一碼的機率從26日的56.3%上升至59.5%。相較之下，Fed最近的利率展望則預測今年只會降息一碼、時間點落在12月份。 亞特蘭大聯邦儲備銀行總裁Raphael Bostic 27日發表一份政策論文指出，通膨率「似乎正在收窄」，有望促使Fed於今（2024）年稍晚降息。另外，Fed理事Michelle Bowman則重申，在通膨壓力依舊偏高的環境下，她還未做好支持Fed降息的準備。 受到數據顯示經濟持續溫和趨緩帶動，公債殖利率走跌。MarketWatch報價顯示，紐約債市27日尾盤時，對聯準會（Fed）貨幣政策較敏感的美國2年期公債殖利率下跌3.3個基點至4.714%，創6月18日以來新低；10年期公債殖利率下跌2.8個基點至4.287%；30年期公債殖利率下跌2.1個基點至4.426%。（註：公債價格與殖利率呈現反向走勢。） 大型股在殖利率下滑後走揚。Google母公司Alphabet Class A股、Facebook母公司Meta Platforms分別上漲0.83%、1.26%。市值首次於週三（26日）突破2兆美元大關的亞馬遜（Amazon.com）續漲2.19%、收197.85美元，連續第2個交易日創歷史收盤新高。 美光26日盤後公布的第三季度（3-5月）營收、淨利雖擊敗華爾街預期，但本季營收預估僅跟華爾街共識中值相符，股價重挫7.12%、收132.23美元，創6月7日以來收盤新低，跌幅居費半30支成分股之冠。其他AI晶片股同步走軟。輝達（Nvidia Corp.）、高通（Qualcomm Inc.）、台積電ADR下滑1.91%、1.10%、0.26%。 藥妝連鎖巨擘Walgreens Boots Alliance在下修2024年淨利預估值、宣布要關閉更多美國業績欠佳門市後，股價重挫22.16%、收12.19美元。 （本文由 MoneyDJ新聞 授權轉載；首圖來源：Unsplash）","數據 顯示 經濟 持續 趨緩 、 引發 降息 期待 ， 帶動 那斯 達克 指數 、 標準 普爾   500   指數 在 關鍵 通 膨 報告 前夕 略 為 收高 ， 但 美光 （ Micron   Technology   Inc . ） 重挫 衝擊 半導體 類股 逆勢 走軟 。   
 
 
   道瓊 工業 平均 指數 6 月 27 日 終場 上漲 0.09% （ 36.26 點 ） 、 收 39 , 164.06 點 。 那斯 達克 指數 上漲 0.3% （ 53.53 點 ） 、 收 17 , 858.68 點 。 標準 普爾 500 指數 上漲 0.09% （ 4.97 點 ） 、 收 5 , 482.87 點 。 費城 半導體 指數 下跌 0.57% （ 31.23 點 ） 、 收 5 , 421.09 點 。   聯準 會 （ Fed ） 偏好 的 關鍵 通 膨 指標 — — 「 核心 個人消費 支出 （ PCE ） 物價指數 」 即將 於 美東 時間 28 日 上午 8 時 30 分 出爐 。 經濟學家 普遍 預測 ， 5 月 核心 PCE 月 增率 將達 0.1% ， 低於 前 月 的 0.2% ， 年增率 則將 從前 月 的 2.8% 降至 2.6% 。   Baird 投資 策略 分析師 Ross   Mayfield 指出 ， 市場 在 PCE 公布 前 呈現 盤整 模式 ， 因為 目前 沒有 太多大 的 催化劑 。   最新 公布 的 經濟 數據 引發 降息 預期 。 5 月 美國 資本財 新 訂單 意外 下滑 ， 而 核心 耐久 財 訂單 也 月減 0.1% 、 遜於 經濟學家 原本 預估 的 0.2% 。   另外 ， 第一季 （ 1 - 3 月 ） 國內 生產 毛額 （ GDP ） 年增率 終值 僅有 1.4% 、 略高於 前值 1.3% ， 而 截至 6 月 22 日為止 當週 的 首次 申請 失業 救濟金 人 數則 較前 週 下跌 6 , 000 人至 233 , 000 人 。   市場 仍舊 預測 今 （ 2024 ） 年會降 兩次 息 。 路透社 報導 ， LSEG 統計 的 芝加哥 商業 交易所 （ CME ）   FedWatch 工具 顯示 ， 9 月 降息 一碼 的 機率 從 26 日 的 56.3% 上升 至 59.5% 。 相 較 之下 ， Fed 最近 的 利率 展望 則 預測 今年 只會 降息 一 碼 、 時間 點落 在 12 月份 。   亞特蘭大 聯邦 儲備 銀行 總裁 Raphael   Bostic   27 日 發表 一份 政策 論文 指出 ， 通膨率 「 似乎 正在 收窄 」 ， 有望 促使 Fed 於今 （ 2024 ） 年 稍晚 降息 。 另外 ， Fed 理事 Michelle   Bowman 則 重申 ， 在 通 膨 壓力 依舊 偏高 的 環境 下 ， 她 還未 做好 支持 Fed 降息 的 準備 。   受到 數據 顯示 經濟 持續 溫和 趨緩 帶動 ， 公債 殖 利率 走跌 。 MarketWatch 報價 顯示 ， 紐約 債市 27 日 尾盤 時 ， 對聯 準 會 （ Fed ） 貨幣政策 較 敏感 的 美國 2 年期 公債 殖 利率 下跌 3.3 個 基點 至 4.714% ， 創 6 月 18 日 以來 新低 ； 10 年期 公債 殖 利率 下跌 2.8 個 基點 至 4.287% ； 30 年期 公債 殖 利率 下跌 2.1 個 基點 至 4.426% 。 （ 註 ： 公債 價格 與殖 利率 呈現 反向 走勢 。 ）   大型 股在殖 利率 下滑 後 走揚 。 Google 母公司 Alphabet   Class   A股 、 Facebook 母公司 Meta   Platforms 分別 上漲 0.83% 、 1.26% 。 市值 首次 於 週三 （ 26 日 ） 突破 2 兆 美元 大關 的 亞馬遜 （ Amazon . com ） 續漲 2.19% 、 收 197.85 美元 ， 連續 第 2 個 交易日 創 歷史 收盤 新高 。   美光 26 日盤 後 公布 的 第三季度 （ 3 - 5 月 ） 營收 、 淨利 雖 擊敗 華爾街 預期 ， 但 本季 營收 預估 僅跟 華爾街 共識 中 值 相符 ， 股價 重挫 7.12% 、 收 132.23 美元 ， 創 6 月 7 日 以來 收盤 新低 ， 跌幅 居費半 30 支 成分股 之冠 。 其他 AI 晶片 股 同步 走軟 。 輝達 （ Nvidia   Corp . ） 、 高通 （ Qualcomm   Inc . ） 、 台積電 ADR 下滑 1.91% 、 1.10% 、 0.26% 。   藥妝 連鎖 巨擘 Walgreens   Boots   Alliance 在 下 修 2024 年 淨利 預估 值 、 宣布 要 關閉 更 多 美國 業績 欠佳 門市 後 ， 股價 重挫 22.16% 、 收 12.19 美元 。   （ 本文 由   MoneyDJ 新聞   授權 轉載 ； 首圖 來源 ： Unsplash ）","數據/n 顯示/v 經濟/n 持續/vd 趨緩/v 、/x 引發/v 降息/n 期待/v ，/x 帶動/v 那斯達克/ns 指數/n 、/x 標準/n 普爾/nr  /x 500/m  /x 指數/n 在/p 關鍵/n 通膨報/n 告/v 前夕/f 略為/v 收高/v ，/x 但/c 美光/n （/x Micron/eng  /x Technology/eng  /x Inc/eng ./m ）/x 重挫/v 衝擊/vn 半導體/n 類股/n 逆勢/vd 走/v 軟/a 。/x  /x 
/x 
/x 
/x  /x 道瓊工業/nz 平均/a 指數/n 6/m 月/m 27/m 日/m 終場/n 上漲/v 0.09/m %/x （/x 36.26/m 點/m ）/x 、/x 收/n 39/m ,/x 164.06/m 點/m 。/x 那斯達克/nz 指數/n 上漲/v 0.3/m %/x （/x 53.53/m 點/m ）/x 、/x 收/n 17/m ,/x 858.68/m 點/m 。/x 標準/n 普爾/nr 500/m 指數/n 上漲/v 0.09/m %/x （/x 4.97/m 點/m ）/x 、/x 收/n 5/m ,/x 482.87/m 點/m 。/x 費城/ns 半導體/n 指數/n 下跌/v 0.57/m %/x （/x 31.23/m 點/m ）/x 、/x 收/n 5/m ,/x 421.09/m 點/m 。/x  /x 聯準會/nt （/x Fed/eng ）/x 偏好/d 的/uj 關鍵/n 通膨指標/l —/x —/x 「/x 核心/n 個人/n 消費/vn 支出/v （/x PCE/eng ）/x 物價/n 指數/n 」/x 即/v 將/d 於/nr 美東/ns 時間/n 28/m 日/m 上午/t 8/m 時/n 30/m 分出/v 爐/x 。/x 經濟/n 學家/n 普遍/ad 預測/vn ，/x 5/m 月/m 核心/n PCE/eng 月/m 增率/n 將/d 達/v 0.1/m %/x ，/x 低/a 於/nr 前月/t 的/uj 0.2/m %/x ，/x 年增率/n 則/d 將/d 從/p 前月/t 的/uj 2.8/m %/x 降至/v 2.6/m %/x 。/x  /x Baird/eng 投資/vn 策略/n 分析/vn 師/nr Ross/eng  /x Mayfield/eng 指出/v ，/x 市場/n 在/p PCE/eng 公布/v 前/f 呈現/v 盤整/vn 模式/n ，/x 因為/c 目前/t 沒有/v 太/d 多大/a 的/uj 催化/v 劑/x 。/x  /x 最新/d 公布/v 的/uj 經濟/n 數據/n 引發/v 降息/n 預期/vn 。/x 5/m 月/m 美國/ns 資本/n 財/n 新訂/v 單/n 意外/a 下滑/v ，/x 而/c 核心/n 耐久/a 財訂單/n 也/d 月/m 減/v 0.1/m %/x 、/x 遜/vg 於/nr 經濟/n 學家/n 原本/n 預估/vn 的/uj 0.2/m %/x 。/x  /x 另外/c ，/x 第一季/m （/x 1/x -/x 3/m 月/m ）/x 國內/s 生產/vn 毛額/n （/x GDP/eng ）/x 年增率/n 終值/n 僅/d 有/v 1.4/m %/x 、/x 略/d 高/a 於/nr 前值/n 1.3/m %/x ，/x 而/c 截至/v 6/m 月/m 22/m 日/m 為止/v 當週/t 的/uj 首次/m 申請/v 失業/v 救濟金/n 人數/n 則/d 較/d 前週/t 下跌/v 6/x ,/x 000/m 人/n 至/p 233/m ,/x 000/m 人/n 。/x  /x 市場/n 仍舊/d 預測/v 今/t （/x 2024/m ）/x 年/m 會/v 降/v 兩次/m 息/n 。/x 路透社/n 報導/n ，/x LSEG/eng 統計/vn 的/uj 芝加哥/ns 商業/n 交易所/nt （/x CME/eng ）/x  /x FedWatch/eng 工具/n 顯示/v ，/x 9/m 月/m 降息/n 一碼/n 的/uj 機率/n 從/p 26/m 日/m 的/uj 56.3/m %/x 上升/v 至/p 59.5/m %/x 。/x 相較/d 之下/f ，/x Fed/eng 最近/f 的/uj 利率/n 展望/v 則/d 預測/v 今年/t 只/d 會/v 降息/n 一碼/d 、/x 時間/n 點落/v 在/p 12/m 月份/n 。/x  /x 亞特蘭大聯邦儲備銀行/nt 總/b 裁/n Raphael/eng  /x Bostic/eng  /x 27/m 日/m 發表/v 一份/m 政策/n 論文/nz 指出/v ，/x 通膨率/l 「/x 似乎/d 正在/t 收/v 窄/a 」/x ，/x 有望/v 促使/v Fed/eng 於/nr 今/tg （/x 2024/m ）/x 年/m 稍晚/d 降息/n 。/x 另外/c ，/x Fed/eng 理事/n Michelle/eng  /x Bowman/eng 則/d 重申/v ，/x 在/p 通膨壓力/l 依舊/d 偏高/a 的/uj 環境/n 下/f ，/x 她/r 還/d 未/d 做好/v 支持/v Fed/eng 降息/n 的/uj 準備/v 。/x  /x 受到/v 數據/n 顯示/v 經濟/n 持續/vd 溫和/a 趨緩/v 帶動/v ，/x 公債/n 殖/n 利率/n 走跌/v 。/x MarketWatch/eng 報價/n 顯示/v ，/x 紐約/ns 債市/n 27/m 日/m 尾/n 盤/q 時/ng ，/x 對/p 聯準會/nt （/x Fed/eng ）/x 貨幣/n 政策/n 較/x 敏感/a 的/uj 美國/ns 2/m 年期/t 公債/n 殖/n 利率/n 下跌/v 3.3/m 個/m 基點/n 至/p 4.714/m %/x ，/x 創/n 6/m 月/m 18/m 日/m 以來/f 新低/v ；/x 10/m 年期/t 公債/n 殖/n 利率/n 下跌/v 2.8/m 個/m 基點/n 至/p 4.287/m %/x ；/x 30/m 年期/t 公債/n 殖/n 利率/n 下跌/v 2.1/m 個/m 基點/n 至/p 4.426/m %/x 。/x （/x 註/x ：/x 公債/n 價格/n 與/p 殖/n 利率/n 呈現/v 反向/v 走勢/n 。/x ）/x  /x 大型/b 股/q 在/p 殖/n 利率/n 下滑/v 後/nr 走揚/v 。/x Google/eng 母公司/n Alphabet/eng  /x Class/eng  /x A股/n 、/x Facebook/eng 母公司/n Meta/eng  /x Platforms/eng 分別/d 上漲/v 0.83/m %/x 、/x 1.26/m %/x 。/x 市值/n 首次/m 於/nr 週三/nr （/x 26/m 日/m ）/x 突破/vn 2/m 兆/m 美元/q 大關/n 的/uj 亞馬遜/nrt （/x Amazon/eng ./m com/eng ）/x 續漲/v 2.19/m %/x 、/x 收/n 197.85/m 美元/q ，/x 連續/a 第/m 2/m 個/m 交易日/n 創/vg 歷史/n 收盤/n 新高/v 。/x  /x 美光/nz 26/m 日/m 盤/q 後/nr 公布/v 的/uj 第三季度/mq （/x 3/x -/x 5/m 月/m ）/x 營收/n 、/x 淨利/n 雖/c 擊敗/v 華爾街/ns 預期/vn ，/x 但/c 本季/t 營收/n 預估/vn 僅/d 跟/p 華爾街/ns 共識/n 中值/n 相符/v ，/x 股價/n 重挫/v 7.12/m %/x 、/x 收/n 132.23/m 美元/q ，/x 創/n 6/m 月/m 7/m 日/m 以來/f 收盤/n 新低/v ，/x 跌幅/n 居費/n 半/m 30/m 支/v 成分股/n 之/u 冠/v 。/x 其他/r AI/eng 晶片/n 股/q 同步/d 走/v 軟/a 。/x 輝達/a （/x Nvidia/eng  /x Corp/eng ./m ）/x 、/x 高通/nr （/x Qualcomm/eng  /x Inc/eng ./m ）/x 、/x 台積/n 電/n ADR/eng 下滑/v 1.91/m %/x 、/x 1.10/m %/x 、/x 0.26/m %/x 。/x  /x 藥妝/n 連/u 鎖/v 巨擘/n Walgreens/eng  /x Boots/eng  /x Alliance/eng 在/p 下/f 修/v 2024/m 年/m 淨利/n 預/v 估值/n 、/x 宣布/v 要/v 關閉/v 更/d 多/m 美國/ns 業績/n 欠佳/v 門市/n 後/nr ，/x 股價/n 重挫/v 22.16/m %/x 、/x 收/n 12.19/m 美元/q 。/x  /x （/x 本文/r 由/p  /x MoneyDJ/eng 新聞/n  /x 授權/v 轉載/v ；/x 首圖/n 來源/n ：/x Unsplash/eng ）/x"
中港澳亮橙色旅遊警示，旅平險不排除調整可投保額度,2024 年 06 月 28 日 8:34,中央社,"陸委會宣布 27 日起調升中國、香港及澳門旅遊警示為橙色燈號，建議民眾避免非必要旅行。據中央社向產險業了解，業界多半在旅遊警示為紅燈時才會不予承保旅平險，橙色燈號視各業者風控不同，不排除酌予調整可投保額度。 


 陸委會發言人梁文傑在例行記者會宣布，自今天起，調升中國及香港、澳門旅遊警示為「橙色」燈號，建議民眾避免非必要旅行。外界關注，隨中港澳旅遊警示變燈，是否牽動保險業承保赴中港澳旅遊的民眾旅平險趨嚴。 根據《中央社》向產險業界了解，大部分產險公司核保時，會參考外交部或陸委會旅遊燈號為承保與否的考量因素之一，多數產險公司均將紅色燈號列為不予承保，除非有特殊或重大事件發生，才會不考慮燈號、因其餘考量而不予承保。 有產險業者私下指出，保險公司基於風險控管考量，對於旅遊風險評估，通常會將旅遊燈號納入參考，基於各業者風險控管及核保考量不同，亦不排除有可能在旅遊警示轉橙色燈號時，調整可投保額度等，動態進行風險管理。 對於中港澳地區旅遊警示變燈，中信產險指出，目前尚不會有影響，依公司核保準則，針對橙色旅遊警示仍可同意承保，除非旅遊燈號調升為紅色。依國泰產險官網，若民眾欲前往旅遊地點包含外交部發布紅色旅遊警示國家及以色列、埃及，將不受理承保旅遊險，橙色警示則不在內。 台灣人壽說明，目前台灣民眾前往中國旅遊人數相對較少，調升旅遊警戒為橙色燈號後，對於旅平險保費收入影響較小；至於民眾所關心旅平險保障額度及內容，則維持不變。 疫後報復性旅遊潮未歇，反映在保險業網路投保業績上，據金管會統計，今年首季保險業網路投保件數達187.33萬件，其中有31.4%由旅綜險及旅平險貢獻。 （作者：謝方娪、羅元駿；首圖來源：shutterstock）","陸委會 宣布   27   日起 調升 中國 、 香港 及 澳門 旅遊 警示 為 橙色 燈號 ， 建議 民眾 避免 非必要 旅行 。 據 中央社 向 產險 業 了解 ， 業界 多半 在 旅遊 警示 為 紅燈 時才 會 不予 承保 旅平險 ， 橙色 燈號 視 各 業者 風控 不同 ， 不 排除 酌予 調整 可 投保 額度 。   
 
 
   陸委會 發言人 梁文傑 在 例行 記者會 宣布 ， 自 今天 起 ， 調升 中國 及 香港 、 澳門 旅遊 警示 為 「 橙色 」 燈號 ， 建議 民眾 避免 非必要 旅行 。 外界 關注 ， 隨中 港澳 旅遊 警示 變燈 ， 是否 牽動 保險業 承保 赴 中 港澳 旅遊 的 民眾 旅平險 趨嚴 。   根據 《 中央社 》 向 產險 業界 了解 ， 大部分 產險 公司 核保時 ， 會 參考 外交部 或 陸委會 旅遊 燈號 為 承保 與否 的 考量 因素 之一 ， 多數 產險 公司 均將 紅色 燈號 列為 不予 承保 ， 除非 有 特殊 或 重大事件 發生 ， 才 會 不 考慮 燈號 、 因 其餘 考量 而 不予 承保 。   有 產險 業者 私下 指出 ， 保險公司 基於 風險 控管 考量 ， 對於 旅遊 風險 評估 ， 通常 會將 旅遊 燈號 納入 參考 ， 基於 各 業者 風險 控管 及 核保 考量 不同 ， 亦 不 排除 有 可能 在 旅遊 警示 轉 橙色 燈號 時 ， 調整 可 投保 額度 等 ， 動態 進行 風險管理 。   對於 中 港澳地區 旅遊 警示 變燈 ， 中信 產險 指出 ， 目前 尚 不會 有 影響 ， 依 公司 核保 準則 ， 針對 橙色 旅遊 警示 仍 可 同意 承保 ， 除非 旅遊 燈號 調升 為 紅色 。 依 國泰 產險 官網 ， 若民眾 欲 前往 旅遊 地點 包含 外交部 發布 紅色旅遊 警示 國家 及 以色列 、 埃及 ， 將不 受理 承保 旅遊 險 ， 橙色 警示 則不 在內 。   台灣 人壽 說明 ， 目前 台灣民眾 前往 中國 旅遊 人數 相對 較 少 ， 調升 旅遊 警戒 為 橙色 燈號 後 ， 對於 旅平險 保費 收入 影響 較 小 ； 至於 民眾 所 關心 旅平險 保障 額度 及 內容 ， 則 維持 不變 。   疫 後 報復性 旅遊 潮未 歇 ， 反映 在 保險業 網路 投保 業績 上 ， 據 金管會 統計 ， 今年 首季 保險業 網路 投保 件數 達 187.33 萬件 ， 其中 有 31.4% 由 旅 綜險 及 旅平險 貢獻 。   （ 作者 ： 謝 方 娪 、 羅 元駿 ； 首圖 來源 ： shutterstock ）","陸委會/nt 宣布/v  /x 27/m  /x 日/m 起/v 調升/v 中國/ns 、/x 香港/ns 及/c 澳門/ns 旅遊/vn 警示/v 為/zg 橙色/n 燈號/n ，/x 建議民眾/nt 避免/v 非必要/l 旅行/vn 。/x 據/x 中央社/nt 向/p 產險業/n 了解/v ，/x 業界/n 多半/m 在/p 旅遊/vn 警示/v 為/p 紅/a 燈/n 時/ng 才/d 會/v 不予/v 承保/v 旅平險/n ，/x 橙色/n 燈號/n 視/vg 各/r 業者/n 風/n 控/v 不同/a ，/x 不/d 排除/v 酌予/v 調整/vn 可/v 投保/vn 額度/n 。/x  /x 
/x 
/x 
/x  /x 陸委會/nt 發言/v 人/n 梁文傑/nr 在/p 例行/v 記者/n 會/v 宣布/v ，/x 自/p 今天/t 起/v ，/x 調升/v 中國/ns 及/c 香港/ns 、/x 澳門/ns 旅遊/vn 警示/v 為/zg 「/x 橙色/n 」/x 燈號/n ，/x 建議民眾/nt 避免/v 非必要/l 旅行/vn 。/x 外界/n 關注/v ，/x 隨中/d 港澳/j 旅遊/vn 警示/v 變燈/n ，/x 是否/v 牽動/vn 保險業/n 承保/v 赴/v 中/f 港澳/j 旅遊/vn 的/uj 民眾/n 旅平/n 險趨/d 嚴/a 。/x  /x 根據/p 《/x 中央社/nt 》/x 向/p 產險/n 業界/n 了解/v ，/x 大部分/m 產險/n 公司/n 核保/j 時/n ，/x 會/v 參考/v 外交部/nt 或/c 陸委會/j 旅遊/vn 燈號/n 為/p 承保/v 與否/v 的/uj 考量/n 因素/n 之一/r ，/x 多數/m 產險/n 公司/n 均/d 將/d 紅色/n 燈號/n 列為/v 不予/v 承保/v ，/x 除非/c 有/v 特殊/a 或/c 重大事件/n 發生/v ，/x 才/d 會/v 不/d 考慮/v 燈號/n 、/x 因/p 其餘/r 考量/n 而/c 不予/v 承保/v 。/x  /x 有/v 產險/n 業者/n 私下/n 指出/v ，/x 保險/n 公司/n 基/ng 於/nr 風險/n 控管/v 考量/n ，/x 對/p 於/nr 旅遊/vn 風險/n 評估/vn ，/x 通常/d 會將/n 旅遊/vn 燈號/n 納入/v 參考/v ，/x 基/ng 於/nr 各/r 業者/n 風險/n 控管/v 及/c 核保/n 考量/n 不同/a ，/x 亦/d 不/d 排除/v 有/v 可能/v 在/p 旅遊/vn 警示/v 轉/zg 橙色/n 燈號/n 時/n ，/x 調整/vn 可/v 投保/vn 額度/n 等/u ，/x 動態/n 進行/v 風險/n 管理/vn 。/x  /x 對/p 於中/nr 港澳/j 地區/n 旅遊/vn 警示/v 變燈/n ，/x 中信/nz 產險/n 指出/v ，/x 目前/t 尚/d 不/d 會/v 有/v 影響/vn ，/x 依/d 公司/n 核保準/n 則/d ，/x 針對/p 橙色/n 旅遊/vn 警示/v 仍/d 可/v 同意/d 承保/v ，/x 除非/c 旅遊/vn 燈號/n 調升/v 為/p 紅色/n 。/x 依國泰/nz 產險/n 官網/n ，/x 若/c 民眾/n 欲/d 前往/t 旅遊/vn 地點/n 包含/v 外交部/nt 發布/v 紅色/n 旅遊/vn 警示/v 國家/n 及/c 以色列/ns 、/x 埃及/ns ，/x 將/d 不/d 受理/v 承保/v 旅遊險/n ，/x 橙色/n 警示/v 則/d 不/d 在/p 內/f 。/x  /x 台灣/ns 人壽/n 說明/v ，/x 目前/t 台灣/ns 民眾/n 前往/t 中國/ns 旅遊/vn 人數/n 相對/d 較/d 少/a ，/x 調升/v 旅遊/vn 警戒/n 為/zg 橙色/n 燈號/n 後/nr ，/x 對/p 於/nr 旅/n 平險/n 保費/vn 收入/v 影響/vn 較/d 小/a ；/x 至於/i 民眾/n 所/u 關心/n 旅平險/n 保障/v 額度/n 及/c 內容/n ，/x 則/d 維持/v 不變/v 。/x  /x 疫/ng 後/nr 報/n 復/zg 性/ng 旅/n 遊/v 潮/n 未/d 歇/v ，/x 反映/v 在/p 保險業/n 網路/n 投保/vn 業績/n 上/f ，/x 據/p 金管會/n 統計/vn ，/x 今年/t 首季/t 保險業/n 網路/n 投保/vn 件/m 數/m 達/v 187.33/m 萬件/m ，/x 其中/r 有/v 31.4/m %/x 由/p 旅綜險/n 及/c 旅平險/n 貢獻/n 。/x  /x （/x 作者/n ：/x 謝方/nr 娪/zg 、/x 羅元駿/nr ；/x 首圖/n 來源/n ：/x shutterstock/eng ）/x"
Nike 盤後股價暴跌 12%，預計 2025 財年銷售額下降一成,2024 年 06 月 28 日 8:30,Emma stein,"全球最大運動服飾品牌 Nike 面臨日益激烈的競爭，由於主要市場消費者縮減、策略失誤，Nike 銷售成長趨緩，週四盤後交易股價暴跌 12%，預期下季銷售額將下降 10%。


 消費者正在改變購物行為，他們不再隨意購買昂貴運動鞋、運動服裝這些非必需品，轉向音樂會、旅行等生活體驗，而 Nike 因改變分銷策略的方向適得其反，加上來自 Hoka、On 等新興運動品牌競爭，週四盤後交易股價下跌 12% 至 83 美元。 Nike 也於盤後公布 2024 會計年度第四季（截至 2024 年 5 月 31 日）財報，淨利 15 億美元，銷售額降至 126.1 億美元，較上年同期 128.3 億美元下降約 2%。 （Source：Nike） Nike 預估 2025 財年第一季營收將下降約 10%，華爾街預測季營收下降 2.8% 至 125.7 億美元。 Nike 希望透過創新管道奪回市場份額，但產品轉型需要時間，儘管未來幾季可能充滿挑戰，但有信心重新定位，透過更平衡的產品組合提高競爭力，推動持續長期盈利。 StreetAccount 數據，Nike 最大北美市場銷售額 52.8 億美元，低於 StreetAccount 預期 54.5 億美元；中國客流量雖然下降，但銷售額超出華爾街預期 17.9 億美元，達 18.6 億美元，但分析師警告 Nike 的中國市場前景更疲軟，若非中國本月有 618 購物節，整體銷售額可能低於 Nike 預測。 （首圖來源：Pixabay）","全球 最大 運動 服飾品牌   Nike   面臨 日益 激烈 的 競爭 ， 由於 主要 市場 消費者 縮減 、 策略 失誤 ， Nike   銷售 成長 趨緩 ， 週四 盤 後 交易 股價 暴跌   12% ， 預期 下季 銷售額 將 下降   10% 。 
 
 
   消費者 正在 改變 購物 行為 ， 他們 不再 隨意 購買 昂貴 運動鞋 、 運動服裝 這些 非 必需品 ， 轉向 音樂會 、 旅行 等 生活 體驗 ， 而   Nike   因 改變 分銷 策略 的 方向 適得其反 ， 加上 來自   Hoka 、 On   等 新興 運動 品牌 競爭 ， 週四 盤 後 交易 股價 下跌   12%   至   83   美元 。   Nike   也 於 盤 後 公布   2024   會計年度 第四季 （ 截至   2024   年   5   月   31   日 ） 財報 ， 淨利   15   億美元 ， 銷售額 降至   126.1   億美元 ， 較 上年 同期   128.3   億美元 下降 約   2% 。   （ Source ： Nike ）   Nike   預估   2025   財年 第一季 營收將 下降 約   10% ， 華爾街 預測 季營收 下降   2.8%   至   125.7   億美元 。   Nike   希望 透過 創新 管道 奪回 市場份額 ， 但 產品 轉型 需要 時間 ， 儘管 未來 幾季 可能 充滿 挑戰 ， 但 有 信心 重新 定位 ， 透過 更 平衡 的 產品組合 提高 競爭力 ， 推動 持續 長期 盈利 。   StreetAccount   數據 ， Nike   最大 北美 市場 銷售額   52.8   億美元 ， 低於   StreetAccount   預期   54.5   億美元 ； 中國 客流量 雖然 下降 ， 但 銷售額 超出 華爾街 預期   17.9   億美元 ， 達   18.6   億美元 ， 但 分析師 警告   Nike   的 中國 市場前景 更 疲軟 ， 若非 中國 本月 有   618   購物 節 ， 整體 銷售額 可能 低於   Nike   預測 。   （ 首圖 來源 ： Pixabay ）","全球/n 最大/a 運動/vn 服飾/n 品牌/n  /x Nike/eng  /x 面臨/v 日益/n 激烈/a 的/uj 競爭/vn ，/x 由/p 於/nr 主要/b 市場/n 消費者/n 縮減/v 、/x 策略/n 失誤/v ，/x Nike/eng  /x 銷售/vn 成長/v 趨緩/v ，/x 週四盤/nr 後/nr 交易/n 股價/n 暴跌/v  /x 12/m %/x ，/x 預期/vn 下季/t 銷售/vn 額將/n 下降/v  /x 10/m %/x 。/x 
/x 
/x 
/x  /x 消費者/n 正在/t 改/v 變購/vn 物行/n 為/p ，/x 他們/r 不再/d 隨意/d 購買/v 昂貴/a 運動/vn 鞋/n 、/x 運動/vn 服裝/vn 這些/r 非/d 必需品/l ，/x 轉向/v 音樂會/nt 、/x 旅行/vn 等/u 生活/vn 體驗/n ，/x 而/c  /x Nike/eng  /x 因/p 改變/v 分銷/vn 策略/n 的/uj 方向/n 適得/v 其/r 反/v ，/x 加上/v 來/v 自/r  /x Hoka/eng 、/x On/eng  /x 等/u 新興/b 運動/vn 品牌/n 競爭/vn ，/x 週四盤/nr 後/nr 交易/n 股價/n 下跌/v  /x 12/m %/x  /x 至/p  /x 83/m  /x 美元/q 。/x  /x Nike/eng  /x 也/d 於/nr 盤/q 後/nr 公布/v  /x 2024/m  /x 會計/v 年度/n 第四季/m （/x 截至/v  /x 2024/m  /x 年/m  /x 5/x  /x 月/m  /x 31/m  /x 日/m ）/x 財報/n ，/x 淨利/n  /x 15/m  /x 億/zg 美元/q ，/x 銷售/vn 額/n 降至/v  /x 126.1/m  /x 億/zg 美元/q ，/x 較/x 上年/t 同期/b  /x 128.3/m  /x 億/zg 美元/q 下降/v 約/x  /x 2/x %/x 。/x  /x （/x Source/eng ：/x Nike/eng ）/x  /x Nike/eng  /x 預估/vn  /x 2025/m  /x 財年/n 第一季/m 營收/n 將/d 下降/v 約/x  /x 10/m %/x ，/x 華爾街/ns 預測/vn 季營/n 收/n 下降/v  /x 2.8/m %/x  /x 至/p  /x 125.7/m  /x 億/zg 美元/q 。/x  /x Nike/eng  /x 希望/v 透過/v 創新/v 管道/n 奪回/v 市場/n 份額/n ，/x 但/c 產品/n 轉型/v 需要/v 時間/n ，/x 儘/yg 管/v 未/d 來/v 幾/m 季/q 可能/v 充滿/a 挑戰/vn ，/x 但/c 有/v 信心/n 重新/a 定位/n ，/x 透過/v 更/d 平衡/a 的/uj 產品/n 組合/v 提高/v 競爭/vn 力/n ，/x 推動/v 持續/vd 長期/d 盈利/n 。/x  /x StreetAccount/eng  /x 數據/n ，/x Nike/eng  /x 最大/a 北美/ns 市場/n 銷售/vn 額/n  /x 52.8/m  /x 億/zg 美元/q ，/x 低/a 於/nr  /x StreetAccount/eng  /x 預期/vn  /x 54.5/m  /x 億/zg 美元/q ；/x 中國/ns 客流量/n 雖然/c 下降/v ，/x 但/c 銷售/vn 額/n 超出/v 華爾街/ns 預期/vn  /x 17.9/m  /x 億/zg 美元/q ，/x 達/zg  /x 18.6/m  /x 億/zg 美元/q ，/x 但/c 分析/vn 師/zg 警告/n  /x Nike/eng  /x 的/uj 中國/ns 市場/n 前景/n 更/d 疲軟/a ，/x 若非/c 中國/ns 本月/t 有/v  /x 618/m  /x 購物/n 節/n ，/x 整體/n 銷售/vn 額/n 可能/v 低/a 於/nr  /x Nike/eng  /x 預測/vn 。/x  /x （/x 首圖/n 來源/n ：/x Pixabay/eng ）/x"
國科會通過科學園區投增資案，總額近 88 億元,2024 年 06 月 28 日 8:30,中央社,"國科會科學園區審議會第 17 次會議 27 日召開，通過 9 件投資案，投資總額新台幣 22.98 億元，有公開的 8 案中，金額最高者為聯亞藥新竹生醫園區分公司的 4.5 億元，此外尚有8件增資案，合計增資約 64.87 億元。 


 國科會指出，康誠生醫股份有限公司投資0.8億元，設立於新竹科學園區生醫園區，主要產品為「AI拉曼微生物檢測系統」。此案為園區事業炳碩生醫股份有限公司為落實集團專業分工，將其AI拉曼微生物檢測系統相關營業分割設立的子公司。 聯亞藥業股份有限公司新竹生醫園區分公司，投資4.5億元進駐竹科生醫園區，主要研發生物相似藥、新複方新藥、改良型新藥，並提供藥物委託開發製造服務。 國科會指出，本次聯亞藥入區，將以自身大分子生物藥研發能量為基礎，另也將投入小分子藥品技術發展，針對不同產品領域，規劃開發紅血球生成素、愛滋病治療藥等新藥產品；入區後將持續投入新藥技術研發，推動藥品國產替代，給國人更穩定的藥品供給。 同時，健眾細胞生醫股份有限公司投資2億元，設立於竹科生醫園區，主要針對各類再生製劑治療模式開發產品。 國科會表示，此案產品主要應用於慢性器官衰竭、退化性眼科疾病及神經退化性疾病，可望為慢性腎臟病、肺纖維化、白內障、青光眼、帕金森氏症或阿茲海默症等退化性疾病提供再生製劑醫療解決方案。 星錡股份有限公司投資0.58億元，設立於竹科新竹園區，主要產品為智慧穿戴裝置。國科會指出，此案公司是美商Bellabeat智慧穿戴裝置的ODM廠商，提供智能珠寶飾品的研發設計與生產製造。 創玖科技股份有限公司投資0.2億元，進駐竹科新竹園區，主要產品為電動車充電管理與營運平台相關產品。國科會表示，此案公司產品已獲知名大廠採用，並在不同縣市擁有交直流充電的營運站點，預計可滿足未來國內充電服務的需求。 臺科材料科技股份有限公司投資2.8億元，設立於竹科新竹園區，主要產品為電子級氨與工業級氨。 國科會指出，國內氨原料來源受限，加上國內半導體廠的大量副產物硫酸銨有加值利用空間，因此公司投入硫酸銨製氨技術的研發，利用回收半導體廠硫酸銨加以分解產出氨氣，並予以吸收純化而產出工業用氨，再進一步提純為高純度電子級氨。 國科會表示，此循環經濟商業模式有利於減少資源耗用與碳足跡，也可望降低國內對進口氨的依賴性，減少供應鏈斷鏈風險。 美商宜普電源股份有限公司台灣分公司投資0.6億元，設立於竹科新竹園區，主要產品為氮化鎵（GaN）積體電路的先進技術與製程專利服務、氮化鎵化合物電晶體與微晶片及氮化鎵供應鏈管理服務。 國科會指出，本案為氮化鎵功率管理技術的領導供應商，未來進駐竹科，可望促進台灣在第三代半導體的長期發展。 天地線科技股份有限公司投資1.5億元，設立於竹科新竹園區。國科會表示，本案開發大型特殊應用天線、星載衛星天線及衛星地面接收終端產品，為目前國內外均積極開展的關鍵技術，有助拓展台灣在全球衛星產業知名度與競爭力。 （作者：張璦；首圖來源：shutterstock）","國科會 科學園區 審議 會 第   17   次 會議   27   日 召開 ， 通過   9   件 投資 案 ， 投資總額 新台幣   22.98   億元 ， 有 公開 的   8   案中 ， 金額 最高者 為 聯亞 藥 新竹 生醫 園區 分公司 的   4.5   億元 ， 此外 尚有 8 件 增資 案 ， 合計 增資 約   64.87   億元 。   
 
 
   國科會 指出 ， 康誠生醫 股份 有限公司 投資 0.8 億元 ， 設立 於 新竹 科學園區 生醫 園區 ， 主要 產品 為 「 AI 拉曼 微生物 檢測 系統 」 。 此案 為 園區 事業 炳 碩生醫 股份 有限公司 為 落實 集團 專業分工 ， 將其 AI 拉曼 微生物 檢測 系統 相關 營業 分割 設立 的 子公司 。   聯亞 藥業 股份 有限公司 新竹 生醫 園區 分公司 ， 投資 4.5 億元 進駐 竹科 生醫 園區 ， 主要 研發 生物 相似 藥 、 新 複方 新藥 、 改良 型 新藥 ， 並 提供 藥物 委託 開發 製造 服務 。   國科會 指出 ， 本次 聯亞 藥入區 ， 將以 自身 大分子 生物 藥 研發 能量 為 基礎 ， 另 也將 投入 小 分子 藥品 技術 發展 ， 針對 不同 產品 領域 ， 規劃 開發 紅血球 生成素 、 愛滋病 治療 藥等 新藥 產品 ； 入區後將 持續 投入 新藥 技術 研發 ， 推動 藥品 國產 替代 ， 給 國人 更 穩定 的 藥品 供給 。   同時 ， 健眾 細胞 生醫 股份 有限公司 投資 2 億元 ， 設立 於 竹科 生醫 園區 ， 主要 針對 各類 再生 製劑 治療 模式 開發 產品 。   國科會 表示 ， 此案 產品 主要 應 用於 慢性 器官 衰竭 、 退化 性 眼科 疾病 及 神經 退化 性疾病 ， 可望 為 慢性 腎臟病 、 肺纖維化 、 白內障 、 青光眼 、 帕金森氏症 或 阿茲海默症 等 退化 性疾病 提供 再生 製劑 醫療 解決方案 。   星 錡 股份 有限公司 投資 0.58 億元 ， 設立 於 竹科 新竹 園區 ， 主要 產品 為 智慧 穿戴 裝置 。 國科會 指出 ， 此案 公司 是 美商 Bellabeat 智慧 穿戴 裝置 的 ODM 廠商 ， 提供 智能 珠寶飾品 的 研發 設計 與 生產 製造 。   創玖 科技股份 有限公司 投資 0.2 億元 ， 進駐 竹科 新竹 園區 ， 主要 產品 為 電動車 充電 管理 與 營運 平台 相關 產品 。 國科會 表示 ， 此案 公司 產品 已獲 知名 大廠 採用 ， 並在 不同 縣市 擁有 交直流 充電 的 營運 站點 ， 預計 可 滿足 未來 國內 充電 服務 的 需求 。   臺 科 材料 科技股份 有限公司 投資 2.8 億元 ， 設立 於 竹科 新竹 園區 ， 主要 產品 為 電子 級 氨 與 工業 級 氨 。   國科會 指出 ， 國內 氨 原料 來源 受限 ， 加上 國內 半導體 廠 的 大量 副產物 硫酸銨 有 加值 利用 空間 ， 因此 公司 投入 硫酸銨 製 氨 技術 的 研發 ， 利用 回收 半導體 廠 硫酸銨 加以 分解 產出 氨氣 ， 並 予以 吸收 純化 而 產出 工業用 氨 ， 再進一步 提純 為 高純度 電子 級 氨 。   國科會 表示 ， 此 循環 經濟 商業模式 有利於 減少 資源 耗用 與 碳 足跡 ， 也 可望 降低 國內 對 進口 氨 的 依賴性 ， 減少 供應鏈 斷鏈 風險 。   美商 宜普 電源 股份 有限公司 台灣 分公司 投資 0.6 億元 ， 設立 於 竹科 新竹 園區 ， 主要 產品 為 氮化 鎵 （ GaN ） 積體電路 的 先進 技術 與 製程 專利 服務 、 氮化 鎵 化合物 電晶體 與 微晶片 及 氮化 鎵 供應鏈 管理 服務 。   國科會 指出 ， 本案 為 氮化 鎵 功率 管理 技術 的 領導 供應商 ， 未來 進駐 竹科 ， 可望 促進 台灣 在 第三代 半導體 的 長期 發展 。   天地 線 科技股份 有限公司 投資 1.5 億元 ， 設立 於 竹科 新竹 園區 。 國科會 表示 ， 本案 開發 大型 特殊 應用 天線 、 星載 衛星天線 及 衛星 地面 接收 終端產品 ， 為 目前 國內外 均 積極開展 的 關鍵技術 ， 有助 拓展 台灣 在 全球衛星 產業 知名度 與 競爭力 。   （ 作者 ： 張璦 ； 首圖 來源 ： shutterstock ）","國科會科學/nt 園區/n 審議/v 會/v 第/m  /x 17/m  /x 次/m 會議/n  /x 27/m  /x 日/m 召開/v ，/x 通過/p  /x 9/x  /x 件/q 投資/vn 案/n ，/x 投資/vn 總額/n 新/a 台幣/n  /x 22.98/m  /x 億元/m ，/x 有/v 公開/ad 的/uj  /x 8/x  /x 案/ng 中/f ，/x 金額/n 最高者/n 為/p 聯亞藥/nt 新竹/ns 生醫/n 園區/n 分公司/n 的/uj  /x 4.5/m  /x 億元/m ，/x 此外/c 尚有/v 8/m 件/q 增資案/n ，/x 合計/vn 增資約/n  /x 64.87/m  /x 億元/m 。/x  /x 
/x 
/x 
/x  /x 國科會/nt 指出/v ，/x 康誠生/nr 醫/n 股份/n 有限公司/n 投資/vn 0.8/m 億元/m ，/x 設立/v 於/nr 新竹/ns 科學園/n 區生/n 醫園/n 區/n ，/x 主要/b 產品/n 為/p 「/x AI/eng 拉曼/nrt 微生物/l 檢測/vn 系統/n 」/x 。/x 此案/r 為/p 園區/s 事業/n 炳/g 碩/ag 生/v 醫/n 股份/n 有限公司/n 為/p 落實/a 集團/n 專業/n 分工/vn ，/x 將/d 其/r AI/eng 拉曼/nrt 微生物/l 檢測/vn 系統/n 相關/v 營業/n 分割/v 設立/v 的/uj 子公司/n 。/x  /x 聯亞藥業/nt 股份/n 有限公司/n 新竹/ns 生醫/n 園區/n 分公司/n ，/x 投資/vn 4.5/m 億元/m 進駐/v 竹/ng 科生/n 醫園/n 區/n ，/x 主要/b 研發/j 生物/n 相似/v 藥/zg 、/x 新/a 複/zg 方/q 新/a 藥/n 、/x 改良/v 型/k 新藥/n ，/x 並/zg 提供/v 藥物/n 委/vg 託/zg 開/v 發/v 製/zg 造/v 服/v 務/vg 。/x  /x 國科會/nt 指出/v ，/x 本次/r 聯亞藥/nt 入區/ns ，/x 將/d 以/p 自身/r 大分子/n 生物/n 藥研發/nt 能量/n 為/p 基礎/n ，/x 另/r 也/d 將/d 投入/v 小/a 分子/n 藥品/n 技術/n 發展/vn ，/x 針對/p 不同/a 產品/n 領域/n ，/x 規劃/n 開發/v 紅/n 血球/n 生成素/l 、/x 愛滋病/n 治療/vn 藥/n 等/u 新藥/n 產品/n ；/x 入區/ns 後/nr 將/d 持續/vd 投入/v 新藥/n 技術/n 研發/vn ，/x 推動/v 藥品/n 國產/n 替代/n ，/x 給/p 國人/n 更/d 穩定/a 的/uj 藥品/n 供給/vn 。/x  /x 同時/c ，/x 健/nr 眾/ng 細胞生/n 醫/n 股份/n 有限公司/n 投資/vn 2/m 億元/m ，/x 設立/v 於竹/nr 科生/n 醫園/n 區/n ，/x 主要/b 針對/p 各類/r 再生/v 製/yg 劑/q 治療/vn 模式/n 開發/v 產品/n 。/x  /x 國科會/nt 表示/v ，/x 此案/r 產品/n 主要/b 應用/v 於/nr 慢性/b 器官/n 衰竭/v 、/x 退化/v 性/n 眼科/n 疾病/n 及/c 神經/n 退化/v 性疾病/n ，/x 可望/v 為/zg 慢性/b 腎臟/n 病/n 、/x 肺纖/n 維化/v 、/x 白/a 內障/n 、/x 青光眼/nr 、/x 帕金森氏症/nz 或/c 阿茲海/ns 默症/nz 等/u 退化/v 性疾病/n 提供/v 再生/v 製/yg 劑/q 醫/v 療/vg 解/v 決/vg 方案/n 。/x  /x 星/n 錡/zg 股份/n 有限公司/n 投資/vn 0.58/m 億元/m ，/x 設立/v 於竹科/nr 新竹/ns 園區/n ，/x 主要/b 產品/n 為/p 智慧/nr 穿戴/v 裝置/n 。/x 國科會/nt 指出/v ，/x 此案/r 公司/n 是/v 美商/n Bellabeat/eng 智慧/nr 穿戴/v 裝置/n 的/uj ODM/eng 廠商/n ，/x 提供/v 智能/n 珠寶/nz 飾品/n 的/uj 研發/vn 設計/vn 與/p 生/v 產/v 製/zg 造/v 。/x  /x 創/vg 玖/m 科技股份/n 有限公司/n 投資/vn 0.2/m 億元/m ，/x 進駐/v 竹科/n 新竹/ns 園區/n ，/x 主要/b 產品/n 為/p 電動車/n 充電/v 管理/vn 與/p 營運/n 平台/n 相關/v 產品/n 。/x 國科會/nt 表示/v ，/x 此案/r 公司/n 產品/n 已/d 獲/v 知名/v 大廠/n 採用/v ，/x 並/c 在/p 不同/a 縣市/n 擁有/v 交直流/n 充電/v 的/uj 營運/vn 站點/n ，/x 預計/v 可/v 滿足/v 未來/t 國內/s 充電/v 服務/vn 的/uj 需求/v 。/x  /x 臺/yg 科/n 材料/n 科技股份/n 有限公司/n 投資/vn 2.8/m 億元/m ，/x 設立/v 於竹科/nr 新竹/ns 園區/n ，/x 主要/b 產品/n 為/p 電子/n 級/q 氨/n 與/p 工業級/n 氨/n 。/x  /x 國科會/nt 指出/v ，/x 國內/s 氨/n 原料/n 來源/n 受限/v ，/x 加上/v 國內/s 半導/n 體廠/n 的/uj 大量/n 副/b 產物/n 硫酸/n 銨有/n 加值/v 利用/n 空間/n ，/x 因此/c 公司/n 投入/v 硫酸/n 銨製/n 氨/n 技/ng 術/v 的/uj 研/v 發/v ，/x 利用/n 回收/v 半導/n 體廠/n 硫酸/n 銨/x 加以/v 分解/v 產出/v 氨氣/n ，/x 並/zg 予以/v 吸收/v 純化/n 而/c 產/n 出工/v 業用/n 氨/n ，/x 再/d 進/v 一步/m 提純/v 為/p 高/a 純度/n 電子/n 級/q 氨/n 。/x  /x 國科會/nt 表示/v ，/x 此/r 循環/vn 經濟/n 商業/n 模式/n 有利於/nr 減少/v 資源/n 耗用/v 與/p 碳足跡/n ，/x 也/d 可望/v 降低/v 國內/s 對/p 進口/vn 氨/n 的/uj 依賴性/n ，/x 減少/v 供應/vn 鏈斷鏈/n 風險/n 。/x  /x 美商/n 宜普/ns 電源/n 股份/n 有限公司/n 台灣/ns 分公司/n 投資/vn 0.6/m 億元/m ，/x 設立/v 於竹科/nr 新竹/ns 園區/n ，/x 主要/b 產品/n 為/p 氮化/n 鎵/zg （/x GaN/eng ）/x 積體/n 電路/n 的/uj 先進/a 技術/n 與/p 製/zg 程/q 專/d 利/n 服/v 務/vg 、/x 氮化/n 鎵/zg 化合物/n 電晶體/n 與/p 微晶片/n 及/c 氮化/n 鎵/g 供應/vn 鏈/n 管理/vn 服務/vn 。/x  /x 國科會/nt 指出/v ，/x 本案/r 為/zg 氮化/n 鎵/zg 功率/n 管理/vn 技術/n 的/uj 領導/n 供應/vn 商/n ，/x 未來/t 進駐/v 竹科/n ，/x 可望/v 促進/v 台灣/ns 在/p 第三代/m 半導體/n 的/uj 長期/b 發展/vn 。/x  /x 天地/n 線/zg 科技股份/n 有限公司/n 投資/vn 1.5/m 億元/m ，/x 設立/v 於竹科/nr 新竹/ns 園區/n 。/x 國科會/nt 表示/v ，/x 本案/r 開發/v 大型/b 特殊/a 應用/v 天線/n 、/x 星載/b 衛星/n 天線/n 及/c 衛星/n 地面/n 接收/v 終端/n 產品/n ，/x 為/zg 目前/t 國內外/s 均/d 積極/ad 開展/v 的/uj 關鍵/n 技術/n ，/x 有助/vn 拓展/v 台灣/ns 在/p 全球/n 衛星/n 產業/n 知名度/n 與/p 競爭/vn 力/n 。/x  /x （/x 作者/n ：/x 張璦/nr ；/x 首圖/n 來源/n ：/x shutterstock/eng ）/x"
